{
    "elements": {
        "nodes": [
            {
                "data": {
                    "id": 1622032674968,
                    "title": "B1F1 楼梯口",
                    "subtitle": ""
                },
                "position": {
                    "x": 323.6980048279599,
                    "y": 120.03990344080401
                },
                "group": "nodes",
                "removed": false,
                "selected": false,
                "selectable": true,
                "locked": false,
                "grabbable": true,
                "pannable": false,
                "classes": ""
            },
            {
                "data": {
                    "id": 1622032674969,
                    "title": "",
                    "subtitle": ""
                },
                "position": {
                    "x": 325.13594078049755,
                    "y": 68.64937926225485
                },
                "group": "nodes",
                "removed": false,
                "selected": false,
                "selectable": true,
                "locked": false,
                "grabbable": true,
                "pannable": false,
                "classes": ""
            },
            {
                "data": {
                    "id": 1622032674971,
                    "title": "B1F1 教室-105",
                    "subtitle": ""
                },
                "position": {
                    "x": 296,
                    "y": 48
                },
                "group": "nodes",
                "removed": false,
                "selected": false,
                "selectable": true,
                "locked": false,
                "grabbable": true,
                "pannable": false,
                "classes": ""
            },
            {
                "data": {
                    "id": 1622032674972,
                    "title": "B1F1 教室-102",
                    "subtitle": ""
                },
                "position": {
                    "x": 419,
                    "y": 45
                },
                "group": "nodes",
                "removed": false,
                "selected": false,
                "selectable": true,
                "locked": false,
                "grabbable": true,
                "pannable": false,
                "classes": ""
            },
            {
                "data": {
                    "id": 1622032674973,
                    "title": "B1F1 教室-103",
                    "subtitle": ""
                },
                "position": {
                    "x": 377,
                    "y": 45
                },
                "group": "nodes",
                "removed": false,
                "selected": false,
                "selectable": true,
                "locked": false,
                "grabbable": true,
                "pannable": false,
                "classes": ""
            },
            {
                "data": {
                    "id": 1622032674974,
                    "title": "B1F1 教室-104",
                    "subtitle": ""
                },
                "position": {
                    "x": 335,
                    "y": 46
                },
                "group": "nodes",
                "removed": false,
                "selected": false,
                "selectable": true,
                "locked": false,
                "grabbable": true,
                "pannable": false,
                "classes": ""
            },
            {
                "data": {
                    "id": 1622032674975,
                    "title": "B1F1 教室-106",
                    "subtitle": ""
                },
                "position": {
                    "x": 254,
                    "y": 46
                },
                "group": "nodes",
                "removed": false,
                "selected": false,
                "selectable": true,
                "locked": false,
                "grabbable": true,
                "pannable": false,
                "classes": ""
            },
            {
                "data": {
                    "id": 1622032674976,
                    "title": "B1F1 教室-107",
                    "subtitle": ""
                },
                "position": {
                    "x": 212,
                    "y": 45
                },
                "group": "nodes",
                "removed": false,
                "selected": false,
                "selectable": true,
                "locked": false,
                "grabbable": true,
                "pannable": false,
                "classes": ""
            },
            {
                "data": {
                    "id": 1622032674977,
                    "title": "B1F1 教室-108",
                    "subtitle": ""
                },
                "position": {
                    "x": 171,
                    "y": 47
                },
                "group": "nodes",
                "removed": false,
                "selected": false,
                "selectable": true,
                "locked": false,
                "grabbable": true,
                "pannable": false,
                "classes": ""
            },
            {
                "data": {
                    "id": 1622032674978,
                    "title": "B1F1 教室-101",
                    "subtitle": ""
                },
                "position": {
                    "x": 408,
                    "y": 88
                },
                "group": "nodes",
                "removed": false,
                "selected": false,
                "selectable": true,
                "locked": false,
                "grabbable": true,
                "pannable": false,
                "classes": ""
            },
            {
                "data": {
                    "id": 1622032674979,
                    "title": "",
                    "subtitle": ""
                },
                "position": {
                    "x": 385,
                    "y": 76
                },
                "group": "nodes",
                "removed": false,
                "selected": false,
                "selectable": true,
                "locked": false,
                "grabbable": true,
                "pannable": false,
                "classes": ""
            },
            {
                "data": {
                    "id": 1622032674980,
                    "title": "",
                    "subtitle": ""
                },
                "position": {
                    "x": 430,
                    "y": 76
                },
                "group": "nodes",
                "removed": false,
                "selected": false,
                "selectable": true,
                "locked": false,
                "grabbable": true,
                "pannable": false,
                "classes": ""
            },
            {
                "data": {
                    "id": 1622032674981,
                    "title": "",
                    "subtitle": ""
                },
                "position": {
                    "x": 429,
                    "y": 58
                },
                "group": "nodes",
                "removed": false,
                "selected": false,
                "selectable": true,
                "locked": false,
                "grabbable": true,
                "pannable": false,
                "classes": ""
            },
            {
                "data": {
                    "id": 1622032674982,
                    "title": "",
                    "subtitle": ""
                },
                "position": {
                    "x": 409,
                    "y": 59
                },
                "group": "nodes",
                "removed": false,
                "selected": false,
                "selectable": true,
                "locked": false,
                "grabbable": true,
                "pannable": false,
                "classes": ""
            },
            {
                "data": {
                    "id": 1622032674983,
                    "title": "",
                    "subtitle": ""
                },
                "position": {
                    "x": 365,
                    "y": 58
                },
                "group": "nodes",
                "removed": false,
                "selected": false,
                "selectable": true,
                "locked": false,
                "grabbable": true,
                "pannable": false,
                "classes": ""
            },
            {
                "data": {
                    "id": 1622032674984,
                    "title": "",
                    "subtitle": ""
                },
                "position": {
                    "x": 388,
                    "y": 57
                },
                "group": "nodes",
                "removed": false,
                "selected": false,
                "selectable": true,
                "locked": false,
                "grabbable": true,
                "pannable": false,
                "classes": ""
            },
            {
                "data": {
                    "id": 1622032674985,
                    "title": "",
                    "subtitle": ""
                },
                "position": {
                    "x": 324,
                    "y": 59
                },
                "group": "nodes",
                "removed": false,
                "selected": false,
                "selectable": true,
                "locked": false,
                "grabbable": true,
                "pannable": false,
                "classes": ""
            },
            {
                "data": {
                    "id": 1622032674986,
                    "title": "",
                    "subtitle": ""
                },
                "position": {
                    "x": 345,
                    "y": 58
                },
                "group": "nodes",
                "removed": false,
                "selected": false,
                "selectable": true,
                "locked": false,
                "grabbable": true,
                "pannable": false,
                "classes": ""
            },
            {
                "data": {
                    "id": 1622032674987,
                    "title": "",
                    "subtitle": ""
                },
                "position": {
                    "x": 284,
                    "y": 60
                },
                "group": "nodes",
                "removed": false,
                "selected": false,
                "selectable": true,
                "locked": false,
                "grabbable": true,
                "pannable": false,
                "classes": ""
            },
            {
                "data": {
                    "id": 1622032674988,
                    "title": "",
                    "subtitle": ""
                },
                "position": {
                    "x": 306,
                    "y": 58
                },
                "group": "nodes",
                "removed": false,
                "selected": false,
                "selectable": true,
                "locked": false,
                "grabbable": true,
                "pannable": false,
                "classes": ""
            },
            {
                "data": {
                    "id": 1622032674989,
                    "title": "",
                    "subtitle": ""
                },
                "position": {
                    "x": 243,
                    "y": 59
                },
                "group": "nodes",
                "removed": false,
                "selected": false,
                "selectable": true,
                "locked": false,
                "grabbable": true,
                "pannable": false,
                "classes": ""
            },
            {
                "data": {
                    "id": 1622032674990,
                    "title": "",
                    "subtitle": ""
                },
                "position": {
                    "x": 264,
                    "y": 58
                },
                "group": "nodes",
                "removed": false,
                "selected": false,
                "selectable": true,
                "locked": false,
                "grabbable": true,
                "pannable": false,
                "classes": ""
            },
            {
                "data": {
                    "id": 1622032674991,
                    "title": "",
                    "subtitle": ""
                },
                "position": {
                    "x": 201,
                    "y": 59
                },
                "group": "nodes",
                "removed": false,
                "selected": false,
                "selectable": true,
                "locked": false,
                "grabbable": true,
                "pannable": false,
                "classes": ""
            },
            {
                "data": {
                    "id": 1622032674992,
                    "title": "",
                    "subtitle": ""
                },
                "position": {
                    "x": 223,
                    "y": 58
                },
                "group": "nodes",
                "removed": false,
                "selected": false,
                "selectable": true,
                "locked": false,
                "grabbable": true,
                "pannable": false,
                "classes": ""
            },
            {
                "data": {
                    "id": 1622032674993,
                    "title": "",
                    "subtitle": ""
                },
                "position": {
                    "x": 161,
                    "y": 59
                },
                "group": "nodes",
                "removed": false,
                "selected": false,
                "selectable": true,
                "locked": false,
                "grabbable": true,
                "pannable": false,
                "classes": ""
            },
            {
                "data": {
                    "id": 1622032674994,
                    "title": "",
                    "subtitle": ""
                },
                "position": {
                    "x": 182,
                    "y": 58
                },
                "group": "nodes",
                "removed": false,
                "selected": false,
                "selectable": true,
                "locked": false,
                "grabbable": true,
                "pannable": false,
                "classes": ""
            },
            {
                "data": {
                    "id": 1622032674996,
                    "title": "",
                    "subtitle": ""
                },
                "position": {
                    "x": 344,
                    "y": 68
                },
                "group": "nodes",
                "removed": false,
                "selected": false,
                "selectable": true,
                "locked": false,
                "grabbable": true,
                "pannable": false,
                "classes": ""
            },
            {
                "data": {
                    "id": 1622032674997,
                    "title": "",
                    "subtitle": ""
                },
                "position": {
                    "x": 364.2033829626705,
                    "y": 68
                },
                "group": "nodes",
                "removed": false,
                "selected": false,
                "selectable": true,
                "locked": false,
                "grabbable": true,
                "pannable": false,
                "classes": ""
            },
            {
                "data": {
                    "id": 1622032674998,
                    "title": "",
                    "subtitle": ""
                },
                "position": {
                    "x": 384.4195026856604,
                    "y": 68.27542287033381
                },
                "group": "nodes",
                "removed": false,
                "selected": false,
                "selectable": true,
                "locked": false,
                "grabbable": true,
                "pannable": false,
                "classes": ""
            },
            {
                "data": {
                    "id": 1622032674999,
                    "title": "",
                    "subtitle": ""
                },
                "position": {
                    "x": 407,
                    "y": 68
                },
                "group": "nodes",
                "removed": false,
                "selected": false,
                "selectable": true,
                "locked": false,
                "grabbable": true,
                "pannable": false,
                "classes": ""
            },
            {
                "data": {
                    "id": 1622032675000,
                    "title": "",
                    "subtitle": ""
                },
                "position": {
                    "x": 429,
                    "y": 67
                },
                "group": "nodes",
                "removed": false,
                "selected": false,
                "selectable": true,
                "locked": false,
                "grabbable": true,
                "pannable": false,
                "classes": ""
            },
            {
                "data": {
                    "id": 1622032675001,
                    "title": "",
                    "subtitle": ""
                },
                "position": {
                    "x": 306.6525372220029,
                    "y": 69.20338296267052
                },
                "group": "nodes",
                "removed": false,
                "selected": false,
                "selectable": true,
                "locked": false,
                "grabbable": true,
                "pannable": false,
                "classes": ""
            },
            {
                "data": {
                    "id": 1622032675002,
                    "title": "",
                    "subtitle": ""
                },
                "position": {
                    "x": 284.9279600923367,
                    "y": 69.10169148133525
                },
                "group": "nodes",
                "removed": false,
                "selected": false,
                "selectable": true,
                "locked": false,
                "grabbable": true,
                "pannable": false,
                "classes": ""
            },
            {
                "data": {
                    "id": 1622032675003,
                    "title": "",
                    "subtitle": ""
                },
                "position": {
                    "x": 263.7245771296662,
                    "y": 69.37711435166908
                },
                "group": "nodes",
                "removed": false,
                "selected": false,
                "selectable": true,
                "locked": false,
                "grabbable": true,
                "pannable": false,
                "classes": ""
            },
            {
                "data": {
                    "id": 1622032675004,
                    "title": "",
                    "subtitle": ""
                },
                "position": {
                    "x": 242.65253722200288,
                    "y": 69
                },
                "group": "nodes",
                "removed": false,
                "selected": false,
                "selectable": true,
                "locked": false,
                "grabbable": true,
                "pannable": false,
                "classes": ""
            },
            {
                "data": {
                    "id": 1622032675005,
                    "title": "",
                    "subtitle": ""
                },
                "position": {
                    "x": 222,
                    "y": 69
                },
                "group": "nodes",
                "removed": false,
                "selected": false,
                "selectable": true,
                "locked": false,
                "grabbable": true,
                "pannable": false,
                "classes": ""
            },
            {
                "data": {
                    "id": 1622032675006,
                    "title": "",
                    "subtitle": ""
                },
                "position": {
                    "x": 201,
                    "y": 68
                },
                "group": "nodes",
                "removed": false,
                "selected": false,
                "selectable": true,
                "locked": false,
                "grabbable": true,
                "pannable": false,
                "classes": ""
            },
            {
                "data": {
                    "id": 1622032675007,
                    "title": "",
                    "subtitle": ""
                },
                "position": {
                    "x": 181,
                    "y": 68
                },
                "group": "nodes",
                "removed": false,
                "selected": false,
                "selectable": true,
                "locked": false,
                "grabbable": true,
                "pannable": false,
                "classes": ""
            },
            {
                "data": {
                    "id": 1622032675008,
                    "title": "",
                    "subtitle": ""
                },
                "position": {
                    "x": 160.94112971580785,
                    "y": 68.17359497850764
                },
                "group": "nodes",
                "removed": false,
                "selected": false,
                "selectable": true,
                "locked": false,
                "grabbable": true,
                "pannable": false,
                "classes": ""
            },
            {
                "data": {
                    "id": 1622032675055,
                    "title": "B1F1 教室-109",
                    "subtitle": ""
                },
                "position": {
                    "x": 29.826268611001446,
                    "y": 67.65253722200289
                },
                "group": "nodes",
                "removed": false,
                "selected": false,
                "selectable": true,
                "locked": false,
                "grabbable": true,
                "pannable": false,
                "classes": ""
            },
            {
                "data": {
                    "id": 1622812127196,
                    "name": "",
                    "title": "B1F1 入口"
                },
                "position": {
                    "x": 367,
                    "y": 126
                },
                "group": "nodes",
                "removed": false,
                "selected": true,
                "selectable": true,
                "locked": false,
                "grabbable": true,
                "pannable": false,
                "classes": ""
            }
        ],
        "edges": [
            {
                "data": {
                    "id": 1622032674970,
                    "source": 1622032674968,
                    "target": 1622032674969,
                    "level": 0,
                    "virtual": 0
                },
                "position": {
                    "x": 0,
                    "y": 0
                },
                "group": "edges",
                "removed": false,
                "selected": false,
                "selectable": true,
                "locked": false,
                "grabbable": true,
                "pannable": true,
                "classes": ""
            },
            {
                "data": {
                    "id": 1622032674995,
                    "source": 1622032674969,
                    "target": 1622032674985,
                    "level": 0,
                    "virtual": 0
                },
                "position": {
                    "x": 0,
                    "y": 0
                },
                "group": "edges",
                "removed": false,
                "selected": false,
                "selectable": true,
                "locked": false,
                "grabbable": true,
                "pannable": true,
                "classes": ""
            },
            {
                "data": {
                    "id": 1622032675010,
                    "source": 1622032674969,
                    "target": 1622032674996,
                    "level": 0,
                    "virtual": 0
                },
                "position": {
                    "x": 0,
                    "y": 0
                },
                "group": "edges",
                "removed": false,
                "selected": false,
                "selectable": true,
                "locked": false,
                "grabbable": true,
                "pannable": true,
                "classes": ""
            },
            {
                "data": {
                    "id": 1622032675011,
                    "source": 1622032674996,
                    "target": 1622032674997,
                    "level": 0,
                    "virtual": 0
                },
                "position": {
                    "x": 0,
                    "y": 0
                },
                "group": "edges",
                "removed": false,
                "selected": false,
                "selectable": true,
                "locked": false,
                "grabbable": true,
                "pannable": true,
                "classes": ""
            },
            {
                "data": {
                    "id": 1622032675012,
                    "source": 1622032674997,
                    "target": 1622032674998,
                    "level": 0,
                    "virtual": 0
                },
                "position": {
                    "x": 0,
                    "y": 0
                },
                "group": "edges",
                "removed": false,
                "selected": false,
                "selectable": true,
                "locked": false,
                "grabbable": true,
                "pannable": true,
                "classes": ""
            },
            {
                "data": {
                    "id": 1622032675013,
                    "source": 1622032674998,
                    "target": 1622032674999,
                    "level": 0,
                    "virtual": 0
                },
                "position": {
                    "x": 0,
                    "y": 0
                },
                "group": "edges",
                "removed": false,
                "selected": false,
                "selectable": true,
                "locked": false,
                "grabbable": true,
                "pannable": true,
                "classes": ""
            },
            {
                "data": {
                    "id": 1622032675014,
                    "source": 1622032674999,
                    "target": 1622032675000,
                    "level": 0,
                    "virtual": 0
                },
                "position": {
                    "x": 0,
                    "y": 0
                },
                "group": "edges",
                "removed": false,
                "selected": false,
                "selectable": true,
                "locked": false,
                "grabbable": true,
                "pannable": true,
                "classes": ""
            },
            {
                "data": {
                    "id": 1622032675015,
                    "source": 1622032675000,
                    "target": 1622032674981,
                    "level": 0,
                    "virtual": 0
                },
                "position": {
                    "x": 0,
                    "y": 0
                },
                "group": "edges",
                "removed": false,
                "selected": false,
                "selectable": true,
                "locked": false,
                "grabbable": true,
                "pannable": true,
                "classes": ""
            },
            {
                "data": {
                    "id": 1622032675016,
                    "source": 1622032675000,
                    "target": 1622032674980,
                    "level": 0,
                    "virtual": 0
                },
                "position": {
                    "x": 0,
                    "y": 0
                },
                "group": "edges",
                "removed": false,
                "selected": false,
                "selectable": true,
                "locked": false,
                "grabbable": true,
                "pannable": true,
                "classes": ""
            },
            {
                "data": {
                    "id": 1622032675017,
                    "source": 1622032674999,
                    "target": 1622032674982,
                    "level": 0,
                    "virtual": 0
                },
                "position": {
                    "x": 0,
                    "y": 0
                },
                "group": "edges",
                "removed": false,
                "selected": false,
                "selectable": true,
                "locked": false,
                "grabbable": true,
                "pannable": true,
                "classes": ""
            },
            {
                "data": {
                    "id": 1622032675019,
                    "source": 1622032674969,
                    "target": 1622032675001,
                    "level": 0,
                    "virtual": 0
                },
                "position": {
                    "x": 0,
                    "y": 0
                },
                "group": "edges",
                "removed": false,
                "selected": false,
                "selectable": true,
                "locked": false,
                "grabbable": true,
                "pannable": true,
                "classes": ""
            },
            {
                "data": {
                    "id": 1622032675020,
                    "source": 1622032675001,
                    "target": 1622032675002,
                    "level": 0,
                    "virtual": 0
                },
                "position": {
                    "x": 0,
                    "y": 0
                },
                "group": "edges",
                "removed": false,
                "selected": false,
                "selectable": true,
                "locked": false,
                "grabbable": true,
                "pannable": true,
                "classes": ""
            },
            {
                "data": {
                    "id": 1622032675021,
                    "source": 1622032675002,
                    "target": 1622032675003,
                    "level": 0,
                    "virtual": 0
                },
                "position": {
                    "x": 0,
                    "y": 0
                },
                "group": "edges",
                "removed": false,
                "selected": false,
                "selectable": true,
                "locked": false,
                "grabbable": true,
                "pannable": true,
                "classes": ""
            },
            {
                "data": {
                    "id": 1622032675022,
                    "source": 1622032675003,
                    "target": 1622032675004,
                    "level": 0,
                    "virtual": 0
                },
                "position": {
                    "x": 0,
                    "y": 0
                },
                "group": "edges",
                "removed": false,
                "selected": false,
                "selectable": true,
                "locked": false,
                "grabbable": true,
                "pannable": true,
                "classes": ""
            },
            {
                "data": {
                    "id": 1622032675023,
                    "source": 1622032675004,
                    "target": 1622032675005,
                    "level": 0,
                    "virtual": 0
                },
                "position": {
                    "x": 0,
                    "y": 0
                },
                "group": "edges",
                "removed": false,
                "selected": false,
                "selectable": true,
                "locked": false,
                "grabbable": true,
                "pannable": true,
                "classes": ""
            },
            {
                "data": {
                    "id": 1622032675024,
                    "source": 1622032675005,
                    "target": 1622032675006,
                    "level": 0,
                    "virtual": 0
                },
                "position": {
                    "x": 0,
                    "y": 0
                },
                "group": "edges",
                "removed": false,
                "selected": false,
                "selectable": true,
                "locked": false,
                "grabbable": true,
                "pannable": true,
                "classes": ""
            },
            {
                "data": {
                    "id": 1622032675025,
                    "source": 1622032675006,
                    "target": 1622032675007,
                    "level": 0,
                    "virtual": 0
                },
                "position": {
                    "x": 0,
                    "y": 0
                },
                "group": "edges",
                "removed": false,
                "selected": false,
                "selectable": true,
                "locked": false,
                "grabbable": true,
                "pannable": true,
                "classes": ""
            },
            {
                "data": {
                    "id": 1622032675026,
                    "source": 1622032675007,
                    "target": 1622032675008,
                    "level": 0,
                    "virtual": 0
                },
                "position": {
                    "x": 0,
                    "y": 0
                },
                "group": "edges",
                "removed": false,
                "selected": false,
                "selectable": true,
                "locked": false,
                "grabbable": true,
                "pannable": true,
                "classes": ""
            },
            {
                "data": {
                    "id": 1622032675027,
                    "source": 1622032675008,
                    "target": 1622032674993,
                    "level": 0,
                    "virtual": 0
                },
                "position": {
                    "x": 0,
                    "y": 0
                },
                "group": "edges",
                "removed": false,
                "selected": false,
                "selectable": true,
                "locked": false,
                "grabbable": true,
                "pannable": true,
                "classes": ""
            },
            {
                "data": {
                    "id": 1622032675028,
                    "source": 1622032674993,
                    "target": 1622032674977,
                    "level": 0,
                    "virtual": 0
                },
                "position": {
                    "x": 0,
                    "y": 0
                },
                "group": "edges",
                "removed": false,
                "selected": false,
                "selectable": true,
                "locked": false,
                "grabbable": true,
                "pannable": true,
                "classes": ""
            },
            {
                "data": {
                    "id": 1622032675029,
                    "source": 1622032674977,
                    "target": 1622032674994,
                    "level": 0,
                    "virtual": 0
                },
                "position": {
                    "x": 0,
                    "y": 0
                },
                "group": "edges",
                "removed": false,
                "selected": false,
                "selectable": true,
                "locked": false,
                "grabbable": true,
                "pannable": true,
                "classes": ""
            },
            {
                "data": {
                    "id": 1622032675030,
                    "source": 1622032674994,
                    "target": 1622032675007,
                    "level": 0,
                    "virtual": 0
                },
                "position": {
                    "x": 0,
                    "y": 0
                },
                "group": "edges",
                "removed": false,
                "selected": false,
                "selectable": true,
                "locked": false,
                "grabbable": true,
                "pannable": true,
                "classes": ""
            },
            {
                "data": {
                    "id": 1622032675031,
                    "source": 1622032675006,
                    "target": 1622032674991,
                    "level": 0,
                    "virtual": 0
                },
                "position": {
                    "x": 0,
                    "y": 0
                },
                "group": "edges",
                "removed": false,
                "selected": false,
                "selectable": true,
                "locked": false,
                "grabbable": true,
                "pannable": true,
                "classes": ""
            },
            {
                "data": {
                    "id": 1622032675032,
                    "source": 1622032674991,
                    "target": 1622032674976,
                    "level": 0,
                    "virtual": 0
                },
                "position": {
                    "x": 0,
                    "y": 0
                },
                "group": "edges",
                "removed": false,
                "selected": false,
                "selectable": true,
                "locked": false,
                "grabbable": true,
                "pannable": true,
                "classes": ""
            },
            {
                "data": {
                    "id": 1622032675033,
                    "source": 1622032674976,
                    "target": 1622032674992,
                    "level": 0,
                    "virtual": 0
                },
                "position": {
                    "x": 0,
                    "y": 0
                },
                "group": "edges",
                "removed": false,
                "selected": false,
                "selectable": true,
                "locked": false,
                "grabbable": true,
                "pannable": true,
                "classes": ""
            },
            {
                "data": {
                    "id": 1622032675034,
                    "source": 1622032674992,
                    "target": 1622032675005,
                    "level": 0,
                    "virtual": 0
                },
                "position": {
                    "x": 0,
                    "y": 0
                },
                "group": "edges",
                "removed": false,
                "selected": false,
                "selectable": true,
                "locked": false,
                "grabbable": true,
                "pannable": true,
                "classes": ""
            },
            {
                "data": {
                    "id": 1622032675035,
                    "source": 1622032675004,
                    "target": 1622032674989,
                    "level": 0,
                    "virtual": 0
                },
                "position": {
                    "x": 0,
                    "y": 0
                },
                "group": "edges",
                "removed": false,
                "selected": false,
                "selectable": true,
                "locked": false,
                "grabbable": true,
                "pannable": true,
                "classes": ""
            },
            {
                "data": {
                    "id": 1622032675036,
                    "source": 1622032674989,
                    "target": 1622032674975,
                    "level": 0,
                    "virtual": 0
                },
                "position": {
                    "x": 0,
                    "y": 0
                },
                "group": "edges",
                "removed": false,
                "selected": false,
                "selectable": true,
                "locked": false,
                "grabbable": true,
                "pannable": true,
                "classes": ""
            },
            {
                "data": {
                    "id": 1622032675037,
                    "source": 1622032674975,
                    "target": 1622032674990,
                    "level": 0,
                    "virtual": 0
                },
                "position": {
                    "x": 0,
                    "y": 0
                },
                "group": "edges",
                "removed": false,
                "selected": false,
                "selectable": true,
                "locked": false,
                "grabbable": true,
                "pannable": true,
                "classes": ""
            },
            {
                "data": {
                    "id": 1622032675038,
                    "source": 1622032674990,
                    "target": 1622032675003,
                    "level": 0,
                    "virtual": 0
                },
                "position": {
                    "x": 0,
                    "y": 0
                },
                "group": "edges",
                "removed": false,
                "selected": false,
                "selectable": true,
                "locked": false,
                "grabbable": true,
                "pannable": true,
                "classes": ""
            },
            {
                "data": {
                    "id": 1622032675039,
                    "source": 1622032675002,
                    "target": 1622032674987,
                    "level": 0,
                    "virtual": 0
                },
                "position": {
                    "x": 0,
                    "y": 0
                },
                "group": "edges",
                "removed": false,
                "selected": false,
                "selectable": true,
                "locked": false,
                "grabbable": true,
                "pannable": true,
                "classes": ""
            },
            {
                "data": {
                    "id": 1622032675040,
                    "source": 1622032674987,
                    "target": 1622032674971,
                    "level": 0,
                    "virtual": 0
                },
                "position": {
                    "x": 0,
                    "y": 0
                },
                "group": "edges",
                "removed": false,
                "selected": false,
                "selectable": true,
                "locked": false,
                "grabbable": true,
                "pannable": true,
                "classes": ""
            },
            {
                "data": {
                    "id": 1622032675041,
                    "source": 1622032674971,
                    "target": 1622032674988,
                    "level": 0,
                    "virtual": 0
                },
                "position": {
                    "x": 0,
                    "y": 0
                },
                "group": "edges",
                "removed": false,
                "selected": false,
                "selectable": true,
                "locked": false,
                "grabbable": true,
                "pannable": true,
                "classes": ""
            },
            {
                "data": {
                    "id": 1622032675042,
                    "source": 1622032674988,
                    "target": 1622032675001,
                    "level": 0,
                    "virtual": 0
                },
                "position": {
                    "x": 0,
                    "y": 0
                },
                "group": "edges",
                "removed": false,
                "selected": false,
                "selectable": true,
                "locked": false,
                "grabbable": true,
                "pannable": true,
                "classes": ""
            },
            {
                "data": {
                    "id": 1622032675043,
                    "source": 1622032674985,
                    "target": 1622032674974,
                    "level": 0,
                    "virtual": 0
                },
                "position": {
                    "x": 0,
                    "y": 0
                },
                "group": "edges",
                "removed": false,
                "selected": false,
                "selectable": true,
                "locked": false,
                "grabbable": true,
                "pannable": true,
                "classes": ""
            },
            {
                "data": {
                    "id": 1622032675044,
                    "source": 1622032674974,
                    "target": 1622032674986,
                    "level": 0,
                    "virtual": 0
                },
                "position": {
                    "x": 0,
                    "y": 0
                },
                "group": "edges",
                "removed": false,
                "selected": false,
                "selectable": true,
                "locked": false,
                "grabbable": true,
                "pannable": true,
                "classes": ""
            },
            {
                "data": {
                    "id": 1622032675045,
                    "source": 1622032674986,
                    "target": 1622032674996,
                    "level": 0,
                    "virtual": 0
                },
                "position": {
                    "x": 0,
                    "y": 0
                },
                "group": "edges",
                "removed": false,
                "selected": false,
                "selectable": true,
                "locked": false,
                "grabbable": true,
                "pannable": true,
                "classes": ""
            },
            {
                "data": {
                    "id": 1622032675046,
                    "source": 1622032674997,
                    "target": 1622032674983,
                    "level": 0,
                    "virtual": 0
                },
                "position": {
                    "x": 0,
                    "y": 0
                },
                "group": "edges",
                "removed": false,
                "selected": false,
                "selectable": true,
                "locked": false,
                "grabbable": true,
                "pannable": true,
                "classes": ""
            },
            {
                "data": {
                    "id": 1622032675047,
                    "source": 1622032674983,
                    "target": 1622032674973,
                    "level": 0,
                    "virtual": 0
                },
                "position": {
                    "x": 0,
                    "y": 0
                },
                "group": "edges",
                "removed": false,
                "selected": false,
                "selectable": true,
                "locked": false,
                "grabbable": true,
                "pannable": true,
                "classes": ""
            },
            {
                "data": {
                    "id": 1622032675048,
                    "source": 1622032674973,
                    "target": 1622032674984,
                    "level": 0,
                    "virtual": 0
                },
                "position": {
                    "x": 0,
                    "y": 0
                },
                "group": "edges",
                "removed": false,
                "selected": false,
                "selectable": true,
                "locked": false,
                "grabbable": true,
                "pannable": true,
                "classes": ""
            },
            {
                "data": {
                    "id": 1622032675049,
                    "source": 1622032674984,
                    "target": 1622032674998,
                    "level": 0,
                    "virtual": 0
                },
                "position": {
                    "x": 0,
                    "y": 0
                },
                "group": "edges",
                "removed": false,
                "selected": false,
                "selectable": true,
                "locked": false,
                "grabbable": true,
                "pannable": true,
                "classes": ""
            },
            {
                "data": {
                    "id": 1622032675050,
                    "source": 1622032674982,
                    "target": 1622032674972,
                    "level": 0,
                    "virtual": 0
                },
                "position": {
                    "x": 0,
                    "y": 0
                },
                "group": "edges",
                "removed": false,
                "selected": false,
                "selectable": true,
                "locked": false,
                "grabbable": true,
                "pannable": true,
                "classes": ""
            },
            {
                "data": {
                    "id": 1622032675051,
                    "source": 1622032674972,
                    "target": 1622032674981,
                    "level": 0,
                    "virtual": 0
                },
                "position": {
                    "x": 0,
                    "y": 0
                },
                "group": "edges",
                "removed": false,
                "selected": false,
                "selectable": true,
                "locked": false,
                "grabbable": true,
                "pannable": true,
                "classes": ""
            },
            {
                "data": {
                    "id": 1622032675052,
                    "source": 1622032674998,
                    "target": 1622032674979,
                    "level": 0,
                    "virtual": 0
                },
                "position": {
                    "x": 0,
                    "y": 0
                },
                "group": "edges",
                "removed": false,
                "selected": false,
                "selectable": true,
                "locked": false,
                "grabbable": true,
                "pannable": true,
                "classes": ""
            },
            {
                "data": {
                    "id": 1622032675053,
                    "source": 1622032674979,
                    "target": 1622032674978,
                    "level": 0,
                    "virtual": 0
                },
                "position": {
                    "x": 0,
                    "y": 0
                },
                "group": "edges",
                "removed": false,
                "selected": false,
                "selectable": true,
                "locked": false,
                "grabbable": true,
                "pannable": true,
                "classes": ""
            },
            {
                "data": {
                    "id": 1622032675054,
                    "source": 1622032674978,
                    "target": 1622032674980,
                    "level": 0,
                    "virtual": 0
                },
                "position": {
                    "x": 0,
                    "y": 0
                },
                "group": "edges",
                "removed": false,
                "selected": false,
                "selectable": true,
                "locked": false,
                "grabbable": true,
                "pannable": true,
                "classes": ""
            },
            {
                "data": {
                    "id": 1622032675056,
                    "source": 1622032675055,
                    "target": 1622032675008,
                    "level": 0,
                    "virtual": 0
                },
                "position": {
                    "x": 0,
                    "y": 0
                },
                "group": "edges",
                "removed": false,
                "selected": false,
                "selectable": true,
                "locked": false,
                "grabbable": true,
                "pannable": true,
                "classes": ""
            },
            {
                "data": {
                    "id": 1622812127197,
                    "source": 1622812127196,
                    "target": 1622032674997,
                    "virtual": "0"
                },
                "position": {
                    "x": 0,
                    "y": 0
                },
                "group": "edges",
                "removed": false,
                "selected": false,
                "selectable": true,
                "locked": false,
                "grabbable": true,
                "pannable": true,
                "classes": ""
            }
        ]
    },
    "style": [
        {
            "selector": "node",
            "style": {
                "label": "data(title)",
                "text-margin-y": "-15px",
                "background-color": "rgb(0,0,0)",
                "font-size": "10px",
                "height": "3px",
                "width": "3px",
                "border-width": "1px"
            }
        },
        {
            "selector": "edge",
            "style": {
                "line-color": "fn",
                "width": "2px",
                "opacity": "1"
            }
        }
    ],
    "data": {},
    "zoomingEnabled": true,
    "userZoomingEnabled": true,
    "zoom": 3.3113112148259143,
    "minZoom": 1e-50,
    "maxZoom": 1e+50,
    "panningEnabled": true,
    "userPanningEnabled": true,
    "pan": {
        "x": -438.32871895723235,
        "y": 27.806634213676244
    },
    "boxSelectionEnabled": true,
    "renderer": {
        "name": "canvas"
    },
    "wheelSensitivity": 0.1
}