{"elements":{"edges":[{"data":{"id": 1622813318940,"source": 1622032674996,"target": 1622813318938,"virtual":"0"},"position":{"x":0,"y":0},"group":"edges","removed":false,"selected":false,"selectable":true,"locked":false,"grabbable":true,"pannable":true,"classes":""},{"data":{"id": 1622032675022,"source": 1622032675003,"target": 1622032675004,"level":0,"virtual":0},"position":{"x":0,"y":0},"group":"edges","removed":false,"selected":false,"selectable":true,"locked":false,"grabbable":true,"pannable":true,"classes":""},{"data":{"id": 1622032675025,"source": 1622032675006,"target": 1622032675007,"level":0,"virtual":0},"position":{"x":0,"y":0},"group":"edges","removed":false,"selected":false,"selectable":true,"locked":false,"grabbable":true,"pannable":true,"classes":""},{"data":{"id": 1622032675019,"source": 1622032674969,"target": 1622032675001,"level":0,"virtual":0},"position":{"x":0,"y":0},"group":"edges","removed":false,"selected":false,"selectable":true,"locked":false,"grabbable":true,"pannable":true,"classes":""},{"data":{"id": 1622032675052,"source": 1622032674998,"target": 1622032674979,"level":0,"virtual":0},"position":{"x":0,"y":0},"group":"edges","removed":false,"selected":false,"selectable":true,"locked":false,"grabbable":true,"pannable":true,"classes":""},{"data":{"id": 1622032675015,"source": 1622032675000,"target": 1622032674981,"level":0,"virtual":0},"position":{"x":0,"y":0},"group":"edges","removed":false,"selected":false,"selectable":true,"locked":false,"grabbable":true,"pannable":true,"classes":""},{"data":{"id": 1622032675013,"source": 1622032674998,"target": 1622032674999,"level":0,"virtual":0},"position":{"x":0,"y":0},"group":"edges","removed":false,"selected":false,"selectable":true,"locked":false,"grabbable":true,"pannable":true,"classes":""},{"data":{"id": 1622032675023,"source": 1622032675004,"target": 1622032675005,"level":0,"virtual":0},"position":{"x":0,"y":0},"group":"edges","removed":false,"selected":false,"selectable":true,"locked":false,"grabbable":true,"pannable":true,"classes":""},{"data":{"id": 1622032675021,"source": 1622032675002,"target": 1622032675003,"level":0,"virtual":0},"position":{"x":0,"y":0},"group":"edges","removed":false,"selected":false,"selectable":true,"locked":false,"grabbable":true,"pannable":true,"classes":""},{"data":{"id": 1622032675016,"source": 1622032675000,"target": 1622032674980,"level":0,"virtual":0},"position":{"x":0,"y":0},"group":"edges","removed":false,"selected":false,"selectable":true,"locked":false,"grabbable":true,"pannable":true,"classes":""},{"data":{"id": 1622032675054,"source": 1622032674978,"target": 1622032674980,"level":0,"virtual":0},"position":{"x":0,"y":0},"group":"edges","removed":false,"selected":false,"selectable":true,"locked":false,"grabbable":true,"pannable":true,"classes":""},{"data":{"id": 1622032675026,"source": 1622032675007,"target": 1622032675008,"level":0,"virtual":0},"position":{"x":0,"y":0},"group":"edges","removed":false,"selected":false,"selectable":true,"locked":false,"grabbable":true,"pannable":true,"classes":""},{"data":{"id": 1622032675020,"source": 1622032675001,"target": 1622032675002,"level":0,"virtual":0},"position":{"x":0,"y":0},"group":"edges","removed":false,"selected":false,"selectable":true,"locked":false,"grabbable":true,"pannable":true,"classes":""},{"data":{"id": 1622032675056,"source": 1622032675055,"target": 1622032675008,"level":0,"virtual":0},"position":{"x":0,"y":0},"group":"edges","removed":false,"selected":false,"selectable":true,"locked":false,"grabbable":true,"pannable":true,"classes":""},{"data":{"id": 1622032675053,"source": 1622032674979,"target": 1622032674978,"level":0,"virtual":0},"position":{"x":0,"y":0},"group":"edges","removed":false,"selected":false,"selectable":true,"locked":false,"grabbable":true,"pannable":true,"classes":""},{"data":{"id": 1622032675014,"source": 1622032674999,"target": 1622032675000,"level":0,"virtual":0},"position":{"x":0,"y":0},"group":"edges","removed":false,"selected":false,"selectable":true,"locked":false,"grabbable":true,"pannable":true,"classes":""},{"data":{"id": 1622813318941,"source": 1622813318938,"target": 1622813318939,"virtual":"0"},"position":{"x":0,"y":0},"group":"edges","removed":false,"selected":false,"selectable":true,"locked":false,"grabbable":true,"pannable":true,"classes":""},{"data":{"id": 1622032675024,"source": 1622032675005,"target": 1622032675006,"level":0,"virtual":0},"position":{"x":0,"y":0},"group":"edges","removed":false,"selected":false,"selectable":true,"locked":false,"grabbable":true,"pannable":true,"classes":""},{"data":{"id": 1622032675010,"source": 1622032674969,"target": 1622032674996,"level":0,"virtual":0},"position":{"x":0,"y":0},"group":"edges","removed":false,"selected":false,"selectable":true,"locked":false,"grabbable":true,"pannable":true,"classes":""},{"data":{"id": 1622032675011,"source": 1622032674996,"target": 1622032674997,"level":0,"virtual":0},"position":{"x":0,"y":0},"group":"edges","removed":false,"selected":false,"selectable":true,"locked":false,"grabbable":true,"pannable":true,"classes":""},{"data":{"id": 1622032675012,"source": 1622032674997,"target": 1622032674998,"level":0,"virtual":0},"position":{"x":0,"y":0},"group":"edges","removed":false,"selected":false,"selectable":true,"locked":false,"grabbable":true,"pannable":true,"classes":""},{"data":{"id": 1622813318924,"source": 1622813318923,"target": 1622032674978,"virtual":"0"},"position":{"x":0,"y":0},"group":"edges","removed":false,"selected":false,"selectable":true,"locked":false,"grabbable":true,"pannable":true,"classes":""},{"data":{"id": 1622813318925,"source": 1622813318922,"target": 1622813318923,"virtual":"0"},"position":{"x":0,"y":0},"group":"edges","removed":false,"selected":false,"selectable":true,"locked":false,"grabbable":true,"pannable":true,"classes":""},{"data":{"id": 1622813318932,"source": 1622032674979,"target": 1622813318931,"level": 0,"virtual":"0"},"position":{"x":0,"y":0},"group":"edges","removed":false,"selected":false,"selectable":true,"locked":false,"grabbable":true,"pannable":true,"classes":""},{"data":{"id": 1622813318933,"source": 1622032674979,"target": 1622813318930,"level": 0,"virtual":"0"},"position":{"x":0,"y":0},"group":"edges","removed":false,"selected":false,"selectable":true,"locked":false,"grabbable":true,"pannable":true,"classes":""},{"data":{"id": 1622813318934,"source": 1622032674979,"target": 1622813318929,"level": 0,"virtual":"0"},"position":{"x":0,"y":0},"group":"edges","removed":false,"selected":false,"selectable":true,"locked":false,"grabbable":true,"pannable":true,"classes":""},{"data":{"id": 1622813318935,"source": 1622813318931,"target": 1622813318926,"level": 0,"virtual":"0"},"position":{"x":0,"y":0},"group":"edges","removed":false,"selected":false,"selectable":true,"locked":false,"grabbable":true,"pannable":true,"classes":""},{"data":{"id": 1622813318936,"source": 1622813318930,"target": 1622813318927,"level": 0,"virtual":"0"},"position":{"x":0,"y":0},"group":"edges","removed":false,"selected":false,"selectable":true,"locked":false,"grabbable":true,"pannable":true,"classes":""},{"data":{"id": 1622813318937,"source": 1622813318929,"target": 1622813318928,"level": 0,"virtual":"0"},"position":{"x":0,"y":0},"group":"edges","removed":false,"selected":false,"selectable":true,"locked":false,"grabbable":true,"pannable":true,"classes":""},{"data":{"id": 1622813318944,"source": 1622813318942,"target": 1622813318943,"virtual":"0"},"position":{"x":0,"y":0},"group":"edges","removed":false,"selected":false,"selectable":true,"locked":false,"grabbable":true,"pannable":true,"classes":""},{"data":{"id": 1622813318945,"source": 1622813318942,"target": 1622032675001,"virtual":"0"},"position":{"x":0,"y":0},"group":"edges","removed":false,"selected":false,"selectable":true,"locked":false,"grabbable":true,"pannable":true,"classes":""}],"nodes":[{"data":{"id": 1622032674969,"title":"","subtitle":""},"position":{"x":325.13594078049755,"y":68.64937926225485},"group":"nodes","removed":false,"selected":false,"selectable":true,"locked":false,"grabbable":true,"pannable":false,"classes":""},{"data":{"id": 1622813318927,"name":""},"position":{"x":386,"y":122},"group":"nodes","removed":false,"selected":false,"selectable":true,"locked":false,"grabbable":true,"pannable":false,"classes":""},{"data":{"id": 1622813318930,"name":""},"position":{"x":380,"y":106},"group":"nodes","removed":false,"selected":false,"selectable":true,"locked":false,"grabbable":true,"pannable":false,"classes":""},{"data":{"id": 1622813318928,"name":""},"position":{"x":416,"y":122},"group":"nodes","removed":false,"selected":false,"selectable":true,"locked":false,"grabbable":true,"pannable":false,"classes":""},{"data":{"id": 1622032674978,"title":"B1F2 教室-206","subtitle":""},"position":{"x":408,"y":88},"group":"nodes","removed":false,"selected":false,"selectable":true,"locked":false,"grabbable":true,"pannable":false,"classes":""},{"data":{"id": 1622032674979,"title":"","subtitle":""},"position":{"x":384.47865975137523,"y":93.20422820461879},"group":"nodes","removed":false,"selected":false,"selectable":true,"locked":false,"grabbable":true,"pannable":false,"classes":""},{"data":{"id": 1622032674980,"title":"","subtitle":""},"position":{"x":430,"y":76},"group":"nodes","removed":false,"selected":false,"selectable":true,"locked":false,"grabbable":true,"pannable":false,"classes":""},{"data":{"id": 1622032674981,"title":"B1F2 教室 207","subtitle":""},"position":{"x":429,"y":58},"group":"nodes","removed":false,"selected":false,"selectable":true,"locked":false,"grabbable":true,"pannable":false,"classes":""},{"data":{"id": 1622813318929,"name":""},"position":{"x":402,"y":106},"group":"nodes","removed":false,"selected":false,"selectable":true,"locked":false,"grabbable":true,"pannable":false,"classes":""},{"data":{"id": 1622813318931,"name":""},"position":{"x":371,"y":106},"group":"nodes","removed":false,"selected":false,"selectable":true,"locked":false,"grabbable":true,"pannable":false,"classes":""},{"data":{"id": 1622032674996,"title":"","subtitle":""},"position":{"x":344,"y":68},"group":"nodes","removed":false,"selected":false,"selectable":true,"locked":false,"grabbable":true,"pannable":false,"classes":""},{"data":{"id": 1622032674997,"title":"","subtitle":""},"position":{"x":364.2033829626705,"y":68},"group":"nodes","removed":false,"selected":false,"selectable":true,"locked":false,"grabbable":true,"pannable":false,"classes":""},{"data":{"id": 1622032674998,"title":"B1F2 教室-208","subtitle":""},"position":{"x":380.075000613787,"y":68.6229830360837},"group":"nodes","removed":false,"selected":false,"selectable":true,"locked":false,"grabbable":true,"pannable":false,"classes":""},{"data":{"id": 1622032674999,"title":"","subtitle":""},"position":{"x":407,"y":68},"group":"nodes","removed":false,"selected":false,"selectable":true,"locked":false,"grabbable":true,"pannable":false,"classes":""},{"data":{"id": 1622032675000,"title":"","subtitle":""},"position":{"x":429,"y":67},"group":"nodes","removed":false,"selected":false,"selectable":true,"locked":false,"grabbable":true,"pannable":false,"classes":""},{"data":{"id": 1622032675001,"title":"","subtitle":""},"position":{"x":316.95127159119215,"y":68.95219431951956},"group":"nodes","removed":false,"selected":false,"selectable":true,"locked":false,"grabbable":true,"pannable":false,"classes":""},{"data":{"id": 1622032675002,"title":"","subtitle":""},"position":{"x":284.9279600923367,"y":69.10169148133525},"group":"nodes","removed":false,"selected":false,"selectable":true,"locked":false,"grabbable":true,"pannable":false,"classes":""},{"data":{"id": 1622032675003,"title":"","subtitle":""},"position":{"x":263.7245771296662,"y":69.37711435166908},"group":"nodes","removed":false,"selected":false,"selectable":true,"locked":false,"grabbable":true,"pannable":false,"classes":""},{"data":{"id": 1622032675004,"title":"","subtitle":""},"position":{"x":242.65253722200288,"y":69},"group":"nodes","removed":false,"selected":false,"selectable":true,"locked":false,"grabbable":true,"pannable":false,"classes":""},{"data":{"id": 1622032675005,"title":"","subtitle":""},"position":{"x":222,"y":69},"group":"nodes","removed":false,"selected":false,"selectable":true,"locked":false,"grabbable":true,"pannable":false,"classes":""},{"data":{"id": 1622032675006,"title":"","subtitle":""},"position":{"x":201,"y":68},"group":"nodes","removed":false,"selected":false,"selectable":true,"locked":false,"grabbable":true,"pannable":false,"classes":""},{"data":{"id": 1622032675007,"title":"","subtitle":""},"position":{"x":181,"y":68},"group":"nodes","removed":false,"selected":false,"selectable":true,"locked":false,"grabbable":true,"pannable":false,"classes":""},{"data":{"id": 1622032675008,"title":"B1F2 教室-215","subtitle":""},"position":{"x":160.94112971580785,"y":68.17359497850764},"group":"nodes","removed":false,"selected":false,"selectable":true,"locked":false,"grabbable":true,"pannable":false,"classes":""},{"data":{"id": 1622032675055,"title":"B1F2 教室-209","subtitle":""},"position":{"x":29.826268611001446,"y":67.65253722200289},"group":"nodes","removed":false,"selected":false,"selectable":true,"locked":false,"grabbable":true,"pannable":false,"classes":""},{"data":{"id": 1622813318922,"name":""},"position":{"x":428,"y":99},"group":"nodes","removed":false,"selected":false,"selectable":true,"locked":false,"grabbable":true,"pannable":false,"classes":""},{"data":{"id": 1622813318923,"name":""},"position":{"x":415,"y":100},"group":"nodes","removed":false,"selected":false,"selectable":true,"locked":false,"grabbable":true,"pannable":false,"classes":""},{"data":{"id": 1622813318926,"name":""},"position":{"x":366.00660663555226,"y":122.96696682223886},"group":"nodes","removed":false,"selected":false,"selectable":true,"locked":false,"grabbable":true,"pannable":false,"classes":""},{"data":{"id": 1622813318938,"name":""},"position":{"x":341,"y":39},"group":"nodes","removed":false,"selected":false,"selectable":true,"locked":false,"grabbable":true,"pannable":false,"classes":""},{"data":{"id": 1622813318939,"name":"","title":"B1F2 教室-212"},"position":{"x":272,"y":38},"group":"nodes","removed":false,"selected":false,"selectable":true,"locked":false,"grabbable":true,"pannable":false,"classes":""},{"data":{"id": 1622813318942,"name":""},"position":{"x":317.87162653969665,"y":106.88193938975621},"group":"nodes","removed":false,"selected":false,"selectable":true,"locked":false,"grabbable":true,"pannable":false,"classes":""},{"data":{"id": 1622813318943,"name":"","title":"B1F2 楼梯口"},"position":{"x":318,"y":118},"group":"nodes","removed":false,"selected":true,"selectable":true,"locked":false,"grabbable":true,"pannable":false,"classes":""}]},"style":[{"selector":"node","style":{"label":"data(title)","text-margin-y":"-15px","background-color":"rgb(0,0,0)","font-size":"10px","height":"3px","width":"3px","border-width":"1px"}},{"selector":"edge","style":{"line-color":"fn","width":"2px","opacity":"1"}}],"data":{},"zoomingEnabled":true,"userZoomingEnabled":true,"zoom":3.630780547701032,"minZoom":1e-50,"maxZoom":1e+50,"panningEnabled":true,"userPanningEnabled":true,"pan":{"x":-395.7824339834333,"y":24.901057739828133},"boxSelectionEnabled":true,"renderer":{"name":"canvas"},"wheelSensitivity":0.1}