{
    "elements": {
        "edges": [
            {
                "data": {
                    "id": 1622813632686,
                    "source": 1622032675001,
                    "target": 1622813632685,
                    "level": 0,
                    "virtual": "0"
                },
                "position": {
                    "x": 0,
                    "y": 0
                },
                "group": "edges",
                "removed": false,
                "selected": false,
                "selectable": true,
                "locked": false,
                "grabbable": true,
                "pannable": true,
                "classes": ""
            },
            {
                "data": {
                    "id": 1622032675052,
                    "source": 1622032674998,
                    "target": 1622032674979,
                    "level": 0,
                    "virtual": 0
                },
                "position": {
                    "x": 0,
                    "y": 0
                },
                "group": "edges",
                "removed": false,
                "selected": false,
                "selectable": true,
                "locked": false,
                "grabbable": true,
                "pannable": true,
                "classes": ""
            },
            {
                "data": {
                    "id": 1622032675047,
                    "source": 1622032674983,
                    "target": 1622032674973,
                    "level": 0,
                    "virtual": 0
                },
                "position": {
                    "x": 0,
                    "y": 0
                },
                "group": "edges",
                "removed": false,
                "selected": false,
                "selectable": true,
                "locked": false,
                "grabbable": true,
                "pannable": true,
                "classes": ""
            },
            {
                "data": {
                    "id": 1622032675045,
                    "source": 1622032674986,
                    "target": 1622032674996,
                    "level": 0,
                    "virtual": 0
                },
                "position": {
                    "x": 0,
                    "y": 0
                },
                "group": "edges",
                "removed": false,
                "selected": false,
                "selectable": true,
                "locked": false,
                "grabbable": true,
                "pannable": true,
                "classes": ""
            },
            {
                "data": {
                    "id": 1622032675026,
                    "source": 1622032675007,
                    "target": 1622032675008,
                    "level": 0,
                    "virtual": 0
                },
                "position": {
                    "x": 0,
                    "y": 0
                },
                "group": "edges",
                "removed": false,
                "selected": false,
                "selectable": true,
                "locked": false,
                "grabbable": true,
                "pannable": true,
                "classes": ""
            },
            {
                "data": {
                    "id": 1622032675037,
                    "source": 1622032674975,
                    "target": 1622032674990,
                    "level": 0,
                    "virtual": 0
                },
                "position": {
                    "x": 0,
                    "y": 0
                },
                "group": "edges",
                "removed": false,
                "selected": false,
                "selectable": true,
                "locked": false,
                "grabbable": true,
                "pannable": true,
                "classes": ""
            },
            {
                "data": {
                    "id": 1622032675042,
                    "source": 1622032674988,
                    "target": 1622032675001,
                    "level": 0,
                    "virtual": 0
                },
                "position": {
                    "x": 0,
                    "y": 0
                },
                "group": "edges",
                "removed": false,
                "selected": false,
                "selectable": true,
                "locked": false,
                "grabbable": true,
                "pannable": true,
                "classes": ""
            },
            {
                "data": {
                    "id": 1622032675041,
                    "source": 1622032674971,
                    "target": 1622032674988,
                    "level": 0,
                    "virtual": 0
                },
                "position": {
                    "x": 0,
                    "y": 0
                },
                "group": "edges",
                "removed": false,
                "selected": false,
                "selectable": true,
                "locked": false,
                "grabbable": true,
                "pannable": true,
                "classes": ""
            },
            {
                "data": {
                    "id": 1622813632688,
                    "source": 1622813632685,
                    "target": 1622813632681,
                    "level": 0,
                    "virtual": "0"
                },
                "position": {
                    "x": 0,
                    "y": 0
                },
                "group": "edges",
                "removed": false,
                "selected": false,
                "selectable": true,
                "locked": false,
                "grabbable": true,
                "pannable": true,
                "classes": ""
            },
            {
                "data": {
                    "id": 1622813632690,
                    "source": 1622813632689,
                    "target": 1622032674969,
                    "virtual": "0"
                },
                "position": {
                    "x": 0,
                    "y": 0
                },
                "group": "edges",
                "removed": false,
                "selected": false,
                "selectable": true,
                "locked": false,
                "grabbable": true,
                "pannable": true,
                "classes": ""
            },
            {
                "data": {
                    "id": 1622032675046,
                    "source": 1622032674997,
                    "target": 1622032674983,
                    "level": 0,
                    "virtual": 0
                },
                "position": {
                    "x": 0,
                    "y": 0
                },
                "group": "edges",
                "removed": false,
                "selected": false,
                "selectable": true,
                "locked": false,
                "grabbable": true,
                "pannable": true,
                "classes": ""
            },
            {
                "data": {
                    "id": 1622032675049,
                    "source": 1622032674984,
                    "target": 1622032674998,
                    "level": 0,
                    "virtual": 0
                },
                "position": {
                    "x": 0,
                    "y": 0
                },
                "group": "edges",
                "removed": false,
                "selected": false,
                "selectable": true,
                "locked": false,
                "grabbable": true,
                "pannable": true,
                "classes": ""
            },
            {
                "data": {
                    "id": 1622032675033,
                    "source": 1622032674976,
                    "target": 1622032674992,
                    "level": 0,
                    "virtual": 0
                },
                "position": {
                    "x": 0,
                    "y": 0
                },
                "group": "edges",
                "removed": false,
                "selected": false,
                "selectable": true,
                "locked": false,
                "grabbable": true,
                "pannable": true,
                "classes": ""
            },
            {
                "data": {
                    "id": 1622813632719,
                    "source": 1622813632693,
                    "target": 1622813632694,
                    "virtual": "0"
                },
                "position": {
                    "x": 0,
                    "y": 0
                },
                "group": "edges",
                "removed": false,
                "selected": false,
                "selectable": true,
                "locked": false,
                "grabbable": true,
                "pannable": true,
                "classes": ""
            },
            {
                "data": {
                    "id": 1622813632687,
                    "source": 1622813632685,
                    "target": 1622032674969,
                    "level": 0,
                    "virtual": "0"
                },
                "position": {
                    "x": 0,
                    "y": 0
                },
                "group": "edges",
                "removed": false,
                "selected": false,
                "selectable": true,
                "locked": false,
                "grabbable": true,
                "pannable": true,
                "classes": ""
            },
            {
                "data": {
                    "id": 1622032675038,
                    "source": 1622032674990,
                    "target": 1622032675003,
                    "level": 0,
                    "virtual": 0
                },
                "position": {
                    "x": 0,
                    "y": 0
                },
                "group": "edges",
                "removed": false,
                "selected": false,
                "selectable": true,
                "locked": false,
                "grabbable": true,
                "pannable": true,
                "classes": ""
            },
            {
                "data": {
                    "id": 1622032675010,
                    "source": 1622032674969,
                    "target": 1622032674996,
                    "level": 0,
                    "virtual": 0
                },
                "position": {
                    "x": 0,
                    "y": 0
                },
                "group": "edges",
                "removed": false,
                "selected": false,
                "selectable": true,
                "locked": false,
                "grabbable": true,
                "pannable": true,
                "classes": ""
            },
            {
                "data": {
                    "id": 1622032675011,
                    "source": 1622032674996,
                    "target": 1622032674997,
                    "level": 0,
                    "virtual": 0
                },
                "position": {
                    "x": 0,
                    "y": 0
                },
                "group": "edges",
                "removed": false,
                "selected": false,
                "selectable": true,
                "locked": false,
                "grabbable": true,
                "pannable": true,
                "classes": ""
            },
            {
                "data": {
                    "id": 1622032675012,
                    "source": 1622032674997,
                    "target": 1622032674998,
                    "level": 0,
                    "virtual": 0
                },
                "position": {
                    "x": 0,
                    "y": 0
                },
                "group": "edges",
                "removed": false,
                "selected": false,
                "selectable": true,
                "locked": false,
                "grabbable": true,
                "pannable": true,
                "classes": ""
            },
            {
                "data": {
                    "id": 1622032675034,
                    "source": 1622032674992,
                    "target": 1622032675005,
                    "level": 0,
                    "virtual": 0
                },
                "position": {
                    "x": 0,
                    "y": 0
                },
                "group": "edges",
                "removed": false,
                "selected": false,
                "selectable": true,
                "locked": false,
                "grabbable": true,
                "pannable": true,
                "classes": ""
            },
            {
                "data": {
                    "id": 1622032675044,
                    "source": 1622032674974,
                    "target": 1622032674986,
                    "level": 0,
                    "virtual": 0
                },
                "position": {
                    "x": 0,
                    "y": 0
                },
                "group": "edges",
                "removed": false,
                "selected": false,
                "selectable": true,
                "locked": false,
                "grabbable": true,
                "pannable": true,
                "classes": ""
            },
            {
                "data": {
                    "id": 1622813632720,
                    "source": 1622813632694,
                    "target": 1622813632700,
                    "virtual": "0"
                },
                "position": {
                    "x": 0,
                    "y": 0
                },
                "group": "edges",
                "removed": false,
                "selected": false,
                "selectable": true,
                "locked": false,
                "grabbable": true,
                "pannable": true,
                "classes": ""
            },
            {
                "data": {
                    "id": 1622032675020,
                    "source": 1622032675001,
                    "target": 1622032675002,
                    "level": 0,
                    "virtual": 0
                },
                "position": {
                    "x": 0,
                    "y": 0
                },
                "group": "edges",
                "removed": false,
                "selected": false,
                "selectable": true,
                "locked": false,
                "grabbable": true,
                "pannable": true,
                "classes": ""
            },
            {
                "data": {
                    "id": 1622032675021,
                    "source": 1622032675002,
                    "target": 1622032675003,
                    "level": 0,
                    "virtual": 0
                },
                "position": {
                    "x": 0,
                    "y": 0
                },
                "group": "edges",
                "removed": false,
                "selected": false,
                "selectable": true,
                "locked": false,
                "grabbable": true,
                "pannable": true,
                "classes": ""
            },
            {
                "data": {
                    "id": 1622032675022,
                    "source": 1622032675003,
                    "target": 1622032675004,
                    "level": 0,
                    "virtual": 0
                },
                "position": {
                    "x": 0,
                    "y": 0
                },
                "group": "edges",
                "removed": false,
                "selected": false,
                "selectable": true,
                "locked": false,
                "grabbable": true,
                "pannable": true,
                "classes": ""
            },
            {
                "data": {
                    "id": 1622032675023,
                    "source": 1622032675004,
                    "target": 1622032675005,
                    "level": 0,
                    "virtual": 0
                },
                "position": {
                    "x": 0,
                    "y": 0
                },
                "group": "edges",
                "removed": false,
                "selected": false,
                "selectable": true,
                "locked": false,
                "grabbable": true,
                "pannable": true,
                "classes": ""
            },
            {
                "data": {
                    "id": 1622032675024,
                    "source": 1622032675005,
                    "target": 1622032675006,
                    "level": 0,
                    "virtual": 0
                },
                "position": {
                    "x": 0,
                    "y": 0
                },
                "group": "edges",
                "removed": false,
                "selected": false,
                "selectable": true,
                "locked": false,
                "grabbable": true,
                "pannable": true,
                "classes": ""
            },
            {
                "data": {
                    "id": 1622032675025,
                    "source": 1622032675006,
                    "target": 1622032675007,
                    "level": 0,
                    "virtual": 0
                },
                "position": {
                    "x": 0,
                    "y": 0
                },
                "group": "edges",
                "removed": false,
                "selected": false,
                "selectable": true,
                "locked": false,
                "grabbable": true,
                "pannable": true,
                "classes": ""
            },
            {
                "data": {
                    "id": 1622813632692,
                    "source": 1622813632691,
                    "target": 1622032674996,
                    "virtual": "0"
                },
                "position": {
                    "x": 0,
                    "y": 0
                },
                "group": "edges",
                "removed": false,
                "selected": false,
                "selectable": true,
                "locked": false,
                "grabbable": true,
                "pannable": true,
                "classes": ""
            },
            {
                "data": {
                    "id": 1622813632697,
                    "source": 1622032674997,
                    "target": 1622813632695,
                    "virtual": "0"
                },
                "position": {
                    "x": 0,
                    "y": 0
                },
                "group": "edges",
                "removed": false,
                "selected": false,
                "selectable": true,
                "locked": false,
                "grabbable": true,
                "pannable": true,
                "classes": ""
            },
            {
                "data": {
                    "id": 1622813632702,
                    "source": 1622032674980,
                    "target": 1622813632701,
                    "virtual": "0"
                },
                "position": {
                    "x": 0,
                    "y": 0
                },
                "group": "edges",
                "removed": false,
                "selected": false,
                "selectable": true,
                "locked": false,
                "grabbable": true,
                "pannable": true,
                "classes": ""
            },
            {
                "data": {
                    "id": 1622813632703,
                    "source": 1622813632701,
                    "target": 1622032674979,
                    "virtual": "0"
                },
                "position": {
                    "x": 0,
                    "y": 0
                },
                "group": "edges",
                "removed": false,
                "selected": false,
                "selectable": true,
                "locked": false,
                "grabbable": true,
                "pannable": true,
                "classes": ""
            },
            {
                "data": {
                    "id": 1622813632704,
                    "source": 1622032674979,
                    "target": 1622813632693,
                    "virtual": "0"
                },
                "position": {
                    "x": 0,
                    "y": 0
                },
                "group": "edges",
                "removed": false,
                "selected": false,
                "selectable": true,
                "locked": false,
                "grabbable": true,
                "pannable": true,
                "classes": ""
            },
            {
                "data": {
                    "id": 1622813632711,
                    "source": 1622813632705,
                    "target": 1622813632696,
                    "level": 0,
                    "virtual": "0"
                },
                "position": {
                    "x": 0,
                    "y": 0
                },
                "group": "edges",
                "removed": false,
                "selected": false,
                "selectable": true,
                "locked": false,
                "grabbable": true,
                "pannable": true,
                "classes": ""
            },
            {
                "data": {
                    "id": 1622813632709,
                    "source": 1622032674978,
                    "target": 1622813632707,
                    "level": 0,
                    "virtual": "0"
                },
                "position": {
                    "x": 0,
                    "y": 0
                },
                "group": "edges",
                "removed": false,
                "selected": false,
                "selectable": true,
                "locked": false,
                "grabbable": true,
                "pannable": true,
                "classes": ""
            },
            {
                "data": {
                    "id": 1622813632710,
                    "source": 1622813632707,
                    "target": 1622813632705,
                    "level": 0,
                    "virtual": "0"
                },
                "position": {
                    "x": 0,
                    "y": 0
                },
                "group": "edges",
                "removed": false,
                "selected": false,
                "selectable": true,
                "locked": false,
                "grabbable": true,
                "pannable": true,
                "classes": ""
            },
            {
                "data": {
                    "id": 1622813632714,
                    "source": 1622813632693,
                    "target": 1622813632712,
                    "virtual": "0"
                },
                "position": {
                    "x": 0,
                    "y": 0
                },
                "group": "edges",
                "removed": false,
                "selected": false,
                "selectable": true,
                "locked": false,
                "grabbable": true,
                "pannable": true,
                "classes": ""
            },
            {
                "data": {
                    "id": 1622813632715,
                    "source": 1622813632712,
                    "target": 1622813632713,
                    "virtual": "0"
                },
                "position": {
                    "x": 0,
                    "y": 0
                },
                "group": "edges",
                "removed": false,
                "selected": false,
                "selectable": true,
                "locked": false,
                "grabbable": true,
                "pannable": true,
                "classes": ""
            },
            {
                "data": {
                    "id": 1622813632716,
                    "source": 1622813632713,
                    "target": 1622813632705,
                    "virtual": "0"
                },
                "position": {
                    "x": 0,
                    "y": 0
                },
                "group": "edges",
                "removed": false,
                "selected": false,
                "selectable": true,
                "locked": false,
                "grabbable": true,
                "pannable": true,
                "classes": ""
            },
            {
                "data": {
                    "id": 1622813632717,
                    "source": 1622813632713,
                    "target": 1622813632699,
                    "virtual": "0"
                },
                "position": {
                    "x": 0,
                    "y": 0
                },
                "group": "edges",
                "removed": false,
                "selected": false,
                "selectable": true,
                "locked": false,
                "grabbable": true,
                "pannable": true,
                "classes": ""
            },
            {
                "data": {
                    "id": 1622813632718,
                    "source": 1622813632712,
                    "target": 1622813632698,
                    "virtual": "0"
                },
                "position": {
                    "x": 0,
                    "y": 0
                },
                "group": "edges",
                "removed": false,
                "selected": false,
                "selectable": true,
                "locked": false,
                "grabbable": true,
                "pannable": true,
                "classes": ""
            },
            {
                "data": {
                    "id": 1622813632722,
                    "source": 1622032675008,
                    "target": 1622813632721,
                    "virtual": "0"
                },
                "position": {
                    "x": 0,
                    "y": 0
                },
                "group": "edges",
                "removed": false,
                "selected": false,
                "selectable": true,
                "locked": false,
                "grabbable": true,
                "pannable": true,
                "classes": ""
            }
        ],
        "nodes": [
            {
                "data": {
                    "id": 1622032674969,
                    "title": "",
                    "subtitle": ""
                },
                "position": {
                    "x": 320.7832922402388,
                    "y": 76.72996290871895
                },
                "group": "nodes",
                "removed": false,
                "selected": false,
                "selectable": true,
                "locked": false,
                "grabbable": true,
                "pannable": false,
                "classes": ""
            },
            {
                "data": {
                    "id": 1622032674971,
                    "title": "B1F3 教室-312",
                    "subtitle": ""
                },
                "position": {
                    "x": 296,
                    "y": 48
                },
                "group": "nodes",
                "removed": false,
                "selected": false,
                "selectable": true,
                "locked": false,
                "grabbable": true,
                "pannable": false,
                "classes": ""
            },
            {
                "data": {
                    "id": 1622032674973,
                    "title": "B1F3 教室-309",
                    "subtitle": ""
                },
                "position": {
                    "x": 377,
                    "y": 45
                },
                "group": "nodes",
                "removed": false,
                "selected": false,
                "selectable": true,
                "locked": false,
                "grabbable": true,
                "pannable": false,
                "classes": ""
            },
            {
                "data": {
                    "id": 1622032674974,
                    "title": "B1F3 教室-310",
                    "subtitle": ""
                },
                "position": {
                    "x": 335,
                    "y": 46
                },
                "group": "nodes",
                "removed": false,
                "selected": false,
                "selectable": true,
                "locked": false,
                "grabbable": true,
                "pannable": false,
                "classes": ""
            },
            {
                "data": {
                    "id": 1622032674975,
                    "title": "B1F3 教室-313",
                    "subtitle": ""
                },
                "position": {
                    "x": 254,
                    "y": 46
                },
                "group": "nodes",
                "removed": false,
                "selected": false,
                "selectable": true,
                "locked": false,
                "grabbable": true,
                "pannable": false,
                "classes": ""
            },
            {
                "data": {
                    "id": 1622032674976,
                    "title": "B1F3 教室-314",
                    "subtitle": ""
                },
                "position": {
                    "x": 212,
                    "y": 45
                },
                "group": "nodes",
                "removed": false,
                "selected": false,
                "selectable": true,
                "locked": false,
                "grabbable": true,
                "pannable": false,
                "classes": ""
            },
            {
                "data": {
                    "id": 1622032674978,
                    "title": "B1F3 教室-307",
                    "subtitle": ""
                },
                "position": {
                    "x": 408.45817353055355,
                    "y": 81.58557057225026
                },
                "group": "nodes",
                "removed": false,
                "selected": false,
                "selectable": true,
                "locked": false,
                "grabbable": true,
                "pannable": false,
                "classes": ""
            },
            {
                "data": {
                    "id": 1622032674979,
                    "title": "",
                    "subtitle": ""
                },
                "position": {
                    "x": 387.2908676527678,
                    "y": 70.50191763335737
                },
                "group": "nodes",
                "removed": false,
                "selected": false,
                "selectable": true,
                "locked": false,
                "grabbable": true,
                "pannable": false,
                "classes": ""
            },
            {
                "data": {
                    "id": 1622032674980,
                    "title": "B1F3 教室-308",
                    "subtitle": ""
                },
                "position": {
                    "x": 415.10936025700954,
                    "y": 42.78241903486741
                },
                "group": "nodes",
                "removed": false,
                "selected": false,
                "selectable": true,
                "locked": false,
                "grabbable": true,
                "pannable": false,
                "classes": ""
            },
            {
                "data": {
                    "id": 1622032674983,
                    "title": "",
                    "subtitle": ""
                },
                "position": {
                    "x": 365,
                    "y": 58
                },
                "group": "nodes",
                "removed": false,
                "selected": false,
                "selectable": true,
                "locked": false,
                "grabbable": true,
                "pannable": false,
                "classes": ""
            },
            {
                "data": {
                    "id": 1622032674984,
                    "title": "",
                    "subtitle": ""
                },
                "position": {
                    "x": 376.3165749708844,
                    "y": 80.82502358878475
                },
                "group": "nodes",
                "removed": false,
                "selected": false,
                "selectable": true,
                "locked": false,
                "grabbable": true,
                "pannable": false,
                "classes": ""
            },
            {
                "data": {
                    "id": 1622032674986,
                    "title": "",
                    "subtitle": ""
                },
                "position": {
                    "x": 345,
                    "y": 58
                },
                "group": "nodes",
                "removed": false,
                "selected": false,
                "selectable": true,
                "locked": false,
                "grabbable": true,
                "pannable": false,
                "classes": ""
            },
            {
                "data": {
                    "id": 1622032674988,
                    "title": "",
                    "subtitle": ""
                },
                "position": {
                    "x": 297.2947029194825,
                    "y": 57.770913234723224
                },
                "group": "nodes",
                "removed": false,
                "selected": false,
                "selectable": true,
                "locked": false,
                "grabbable": true,
                "pannable": false,
                "classes": ""
            },
            {
                "data": {
                    "id": 1622032674990,
                    "title": "",
                    "subtitle": ""
                },
                "position": {
                    "x": 264,
                    "y": 58
                },
                "group": "nodes",
                "removed": false,
                "selected": false,
                "selectable": true,
                "locked": false,
                "grabbable": true,
                "pannable": false,
                "classes": ""
            },
            {
                "data": {
                    "id": 1622032674992,
                    "title": "",
                    "subtitle": ""
                },
                "position": {
                    "x": 223,
                    "y": 58
                },
                "group": "nodes",
                "removed": false,
                "selected": false,
                "selectable": true,
                "locked": false,
                "grabbable": true,
                "pannable": false,
                "classes": ""
            },
            {
                "data": {
                    "id": 1622032674996,
                    "title": "",
                    "subtitle": ""
                },
                "position": {
                    "x": 344,
                    "y": 68
                },
                "group": "nodes",
                "removed": false,
                "selected": false,
                "selectable": true,
                "locked": false,
                "grabbable": true,
                "pannable": false,
                "classes": ""
            },
            {
                "data": {
                    "id": 1622032674997,
                    "title": "",
                    "subtitle": ""
                },
                "position": {
                    "x": 364.2033829626705,
                    "y": 68
                },
                "group": "nodes",
                "removed": false,
                "selected": false,
                "selectable": true,
                "locked": false,
                "grabbable": true,
                "pannable": false,
                "classes": ""
            },
            {
                "data": {
                    "id": 1622032674998,
                    "title": "",
                    "subtitle": ""
                },
                "position": {
                    "x": 375.7142056051429,
                    "y": 68.73359640088736
                },
                "group": "nodes",
                "removed": false,
                "selected": false,
                "selectable": true,
                "locked": false,
                "grabbable": true,
                "pannable": false,
                "classes": ""
            },
            {
                "data": {
                    "id": 1622032675001,
                    "title": "",
                    "subtitle": ""
                },
                "position": {
                    "x": 299.55084749842285,
                    "y": 74.93055209458993
                },
                "group": "nodes",
                "removed": false,
                "selected": false,
                "selectable": true,
                "locked": false,
                "grabbable": true,
                "pannable": false,
                "classes": ""
            },
            {
                "data": {
                    "id": 1622032675002,
                    "title": "",
                    "subtitle": ""
                },
                "position": {
                    "x": 287.90608804093483,
                    "y": 74.14160031742433
                },
                "group": "nodes",
                "removed": false,
                "selected": false,
                "selectable": true,
                "locked": false,
                "grabbable": true,
                "pannable": false,
                "classes": ""
            },
            {
                "data": {
                    "id": 1622032675003,
                    "title": "",
                    "subtitle": ""
                },
                "position": {
                    "x": 264.2754228703339,
                    "y": 75.2432917987596
                },
                "group": "nodes",
                "removed": false,
                "selected": false,
                "selectable": true,
                "locked": false,
                "grabbable": true,
                "pannable": false,
                "classes": ""
            },
            {
                "data": {
                    "id": 1622032675004,
                    "title": "",
                    "subtitle": ""
                },
                "position": {
                    "x": 245.63066517060096,
                    "y": 74.72716913191941
                },
                "group": "nodes",
                "removed": false,
                "selected": false,
                "selectable": true,
                "locked": false,
                "grabbable": true,
                "pannable": false,
                "classes": ""
            },
            {
                "data": {
                    "id": 1622032675005,
                    "title": "",
                    "subtitle": ""
                },
                "position": {
                    "x": 222.45817353055355,
                    "y": 74.26899560136586
                },
                "group": "nodes",
                "removed": false,
                "selected": false,
                "selectable": true,
                "locked": false,
                "grabbable": true,
                "pannable": false,
                "classes": ""
            },
            {
                "data": {
                    "id": 1622032675006,
                    "title": "",
                    "subtitle": ""
                },
                "position": {
                    "x": 201.38526512379013,
                    "y": 73.87298594544626
                },
                "group": "nodes",
                "removed": false,
                "selected": false,
                "selectable": true,
                "locked": false,
                "grabbable": true,
                "pannable": false,
                "classes": ""
            },
            {
                "data": {
                    "id": 1622032675007,
                    "title": "",
                    "subtitle": ""
                },
                "position": {
                    "x": 185.81082207081232,
                    "y": 74.18534266247296
                },
                "group": "nodes",
                "removed": false,
                "selected": false,
                "selectable": true,
                "locked": false,
                "grabbable": true,
                "pannable": false,
                "classes": ""
            },
            {
                "data": {
                    "id": 1622032675008,
                    "title": "",
                    "subtitle": ""
                },
                "position": {
                    "x": 185.45341360042292,
                    "y": 60.155558193820454
                },
                "group": "nodes",
                "removed": false,
                "selected": false,
                "selectable": true,
                "locked": false,
                "grabbable": true,
                "pannable": false,
                "classes": ""
            },
            {
                "data": {
                    "id": 1622813632689,
                    "name": "",
                    "title": "B1F3 楼梯口"
                },
                "position": {
                    "x": 320,
                    "y": 123
                },
                "group": "nodes",
                "removed": false,
                "selected": true,
                "selectable": true,
                "locked": false,
                "grabbable": true,
                "pannable": false,
                "classes": ""
            },
            {
                "data": {
                    "id": 1622813632685,
                    "name": ""
                },
                "position": {
                    "x": 315.7709132347232,
                    "y": 75.64351619302651
                },
                "group": "nodes",
                "removed": false,
                "selected": false,
                "selectable": true,
                "locked": false,
                "grabbable": true,
                "pannable": false,
                "classes": ""
            },
            {
                "data": {
                    "id": 1622813632681,
                    "name": "",
                    "title": "B1F3 教室-311"
                },
                "position": {
                    "x": 316,
                    "y": 43
                },
                "group": "nodes",
                "removed": false,
                "selected": false,
                "selectable": true,
                "locked": false,
                "grabbable": true,
                "pannable": false,
                "classes": ""
            },
            {
                "data": {
                    "id": 1622813632691,
                    "name": ""
                },
                "position": {
                    "x": 345,
                    "y": 100
                },
                "group": "nodes",
                "removed": false,
                "selected": false,
                "selectable": true,
                "locked": false,
                "grabbable": true,
                "pannable": false,
                "classes": ""
            },
            {
                "data": {
                    "id": 1622813632693,
                    "name": ""
                },
                "position": {
                    "x": 388,
                    "y": 99
                },
                "group": "nodes",
                "removed": false,
                "selected": false,
                "selectable": true,
                "locked": false,
                "grabbable": true,
                "pannable": false,
                "classes": ""
            },
            {
                "data": {
                    "id": 1622813632694,
                    "name": ""
                },
                "position": {
                    "x": 362,
                    "y": 99
                },
                "group": "nodes",
                "removed": false,
                "selected": false,
                "selectable": true,
                "locked": false,
                "grabbable": true,
                "pannable": false,
                "classes": ""
            },
            {
                "data": {
                    "id": 1622813632695,
                    "name": ""
                },
                "position": {
                    "x": 363,
                    "y": 85
                },
                "group": "nodes",
                "removed": false,
                "selected": false,
                "selectable": true,
                "locked": false,
                "grabbable": true,
                "pannable": false,
                "classes": ""
            },
            {
                "data": {
                    "id": 1622813632696,
                    "name": "",
                    "title": "B1F3 教室-306"
                },
                "position": {
                    "x": 433.01965864579745,
                    "y": 120.83957973938293
                },
                "group": "nodes",
                "removed": false,
                "selected": false,
                "selectable": true,
                "locked": false,
                "grabbable": true,
                "pannable": false,
                "classes": ""
            },
            {
                "data": {
                    "id": 1622813632698,
                    "name": "",
                    "title": "B1F3 教室-304"
                },
                "position": {
                    "x": 390,
                    "y": 119
                },
                "group": "nodes",
                "removed": false,
                "selected": false,
                "selectable": true,
                "locked": false,
                "grabbable": true,
                "pannable": false,
                "classes": ""
            },
            {
                "data": {
                    "id": 1622813632699,
                    "name": "",
                    "title": "B1F3 教室-305"
                },
                "position": {
                    "x": 404.14543382638385,
                    "y": 118
                },
                "group": "nodes",
                "removed": false,
                "selected": false,
                "selectable": true,
                "locked": false,
                "grabbable": true,
                "pannable": false,
                "classes": ""
            },
            {
                "data": {
                    "id": 1622813632700,
                    "name": "",
                    "title": "B1F3 教室-303"
                },
                "position": {
                    "x": 361,
                    "y": 118
                },
                "group": "nodes",
                "removed": false,
                "selected": false,
                "selectable": true,
                "locked": false,
                "grabbable": true,
                "pannable": false,
                "classes": ""
            },
            {
                "data": {
                    "id": 1622813632701,
                    "name": ""
                },
                "position": {
                    "x": 390,
                    "y": 42
                },
                "group": "nodes",
                "removed": false,
                "selected": false,
                "selectable": true,
                "locked": false,
                "grabbable": true,
                "pannable": false,
                "classes": ""
            },
            {
                "data": {
                    "id": 1622813632705,
                    "name": ""
                },
                "position": {
                    "x": 432.9163470611071,
                    "y": 99.22908676527678
                },
                "group": "nodes",
                "removed": false,
                "selected": false,
                "selectable": true,
                "locked": false,
                "grabbable": true,
                "pannable": false,
                "classes": ""
            },
            {
                "data": {
                    "id": 1622813632707,
                    "name": ""
                },
                "position": {
                    "x": 432.37452059166066,
                    "y": 82.06178088749098
                },
                "group": "nodes",
                "removed": false,
                "selected": false,
                "selectable": true,
                "locked": false,
                "grabbable": true,
                "pannable": false,
                "classes": ""
            },
            {
                "data": {
                    "id": 1622813632712,
                    "name": ""
                },
                "position": {
                    "x": 393,
                    "y": 99
                },
                "group": "nodes",
                "removed": false,
                "selected": false,
                "selectable": true,
                "locked": false,
                "grabbable": true,
                "pannable": false,
                "classes": ""
            },
            {
                "data": {
                    "id": 1622813632713,
                    "name": ""
                },
                "position": {
                    "x": 404,
                    "y": 99
                },
                "group": "nodes",
                "removed": false,
                "selected": false,
                "selectable": true,
                "locked": false,
                "grabbable": true,
                "pannable": false,
                "classes": ""
            },
            {
                "data": {
                    "id": 1622813632721,
                    "name": ""
                },
                "position": {
                    "x": 130,
                    "y": 59
                },
                "group": "nodes",
                "removed": false,
                "selected": false,
                "selectable": true,
                "locked": false,
                "grabbable": true,
                "pannable": false,
                "classes": ""
            }
        ]
    },
    "style": [
        {
            "selector": "node",
            "style": {
                "label": "data(title)",
                "text-margin-y": "-15px",
                "background-color": "rgb(0,0,0)",
                "font-size": "10px",
                "height": "3px",
                "width": "3px",
                "border-width": "1px"
            }
        },
        {
            "selector": "edge",
            "style": {
                "line-color": "fn",
                "width": "2px",
                "opacity": "1"
            }
        }
    ],
    "data": {},
    "zoomingEnabled": true,
    "userZoomingEnabled": true,
    "zoom": 1.58489319246112,
    "minZoom": 1e-50,
    "maxZoom": 1e+50,
    "panningEnabled": true,
    "userPanningEnabled": true,
    "pan": {
        "x": 247.18423427734493,
        "y": 289.57976096035253
    },
    "boxSelectionEnabled": true,
    "renderer": {
        "name": "canvas"
    },
    "wheelSensitivity": 0.1
}