{
    "elements": {
        "nodes": [
            {
                "data": {
                    "id": 1622021008604,
                    "name": "",
                    "title": "教室 B2F1-1"
                },
                "position": {
                    "x": 825.6410574103336,
                    "y": 61.116756939320695
                },
                "group": "nodes",
                "removed": false,
                "selected": false,
                "selectable": true,
                "locked": false,
                "grabbable": true,
                "pannable": false,
                "classes": ""
            },
            {
                "data": {
                    "id": 1622021008605,
                    "name": ""
                },
                "position": {
                    "x": 779.3928968169222,
                    "y": 62.812612367631296
                },
                "group": "nodes",
                "removed": false,
                "selected": false,
                "selectable": true,
                "locked": false,
                "grabbable": true,
                "pannable": false,
                "classes": ""
            },
            {
                "data": {
                    "id": 1622021008606,
                    "name": "",
                    "title": "B2F1 楼梯 上2楼"
                },
                "position": {
                    "x": 731.3695710961601,
                    "y": 121.08723830831883
                },
                "group": "nodes",
                "removed": false,
                "selected": false,
                "selectable": true,
                "locked": false,
                "grabbable": true,
                "pannable": false,
                "classes": ""
            },
            {
                "data": {
                    "id": 1622021008608,
                    "name": "",
                    "title": "B2F1 进楼"
                },
                "position": {
                    "x": 414.5701739217879,
                    "y": 381.7573272508755
                },
                "group": "nodes",
                "removed": false,
                "selected": false,
                "selectable": true,
                "locked": false,
                "grabbable": true,
                "pannable": false,
                "classes": ""
            },
            {
                "data": {
                    "id": 1622021008609,
                    "name": ""
                },
                "position": {
                    "x": 414,
                    "y": 225
                },
                "group": "nodes",
                "removed": false,
                "selected": false,
                "selectable": true,
                "locked": false,
                "grabbable": true,
                "pannable": false,
                "classes": ""
            },
            {
                "data": {
                    "id": 1622021008611,
                    "name": "",
                    "title": "B2F1 教室-2"
                },
                "position": {
                    "x": 198.00770159000922,
                    "y": 329.5953790459945
                },
                "group": "nodes",
                "removed": false,
                "selected": false,
                "selectable": true,
                "locked": false,
                "grabbable": true,
                "pannable": false,
                "classes": ""
            },
            {
                "data": {
                    "id": 1622021008612,
                    "name": "",
                    "title": "教室 B2F1-3"
                },
                "position": {
                    "x": 315.90077015900096,
                    "y": 331.6946088869936
                },
                "group": "nodes",
                "removed": false,
                "selected": false,
                "selectable": true,
                "locked": false,
                "grabbable": true,
                "pannable": false,
                "classes": ""
            },
            {
                "data": {
                    "id": 1622021008613,
                    "name": ""
                },
                "position": {
                    "x": 259,
                    "y": 255
                },
                "group": "nodes",
                "removed": false,
                "selected": false,
                "selectable": true,
                "locked": false,
                "grabbable": true,
                "pannable": false,
                "classes": ""
            },
            {
                "data": {
                    "id": 1622021008615,
                    "name": ""
                },
                "position": {
                    "x": 291,
                    "y": 256
                },
                "group": "nodes",
                "removed": false,
                "selected": false,
                "selectable": true,
                "locked": false,
                "grabbable": true,
                "pannable": false,
                "classes": ""
            },
            {
                "data": {
                    "id": 1622021008617,
                    "name": ""
                },
                "position": {
                    "x": 264.64904897186074,
                    "y": 225.66886887851743
                },
                "group": "nodes",
                "removed": false,
                "selected": false,
                "selectable": true,
                "locked": false,
                "grabbable": true,
                "pannable": false,
                "classes": ""
            },
            {
                "data": {
                    "id": 1622021008618,
                    "name": ""
                },
                "position": {
                    "x": 293.19845968199814,
                    "y": 226.09922984099907
                },
                "group": "nodes",
                "removed": false,
                "selected": false,
                "selectable": true,
                "locked": false,
                "grabbable": true,
                "pannable": false,
                "classes": ""
            },
            {
                "data": {
                    "id": 1622021008623,
                    "name": "",
                    "title": "接待室"
                },
                "position": {
                    "x": 622.3507864343909,
                    "y": 277.18485736442796
                },
                "group": "nodes",
                "removed": false,
                "selected": false,
                "selectable": true,
                "locked": false,
                "grabbable": true,
                "pannable": false,
                "classes": ""
            },
            {
                "data": {
                    "id": 1622021008624,
                    "name": "",
                    "title": "B2F1 办公室 1"
                },
                "position": {
                    "x": 248.62842972133308,
                    "y": 138.6812828057509
                },
                "group": "nodes",
                "removed": false,
                "selected": false,
                "selectable": true,
                "locked": false,
                "grabbable": true,
                "pannable": false,
                "classes": ""
            },
            {
                "data": {
                    "id": 1622021008625,
                    "name": "",
                    "title": "B2F1 办公室 2"
                },
                "position": {
                    "x": 291.938941592288,
                    "y": 140.31711850650714
                },
                "group": "nodes",
                "removed": false,
                "selected": false,
                "selectable": true,
                "locked": false,
                "grabbable": true,
                "pannable": false,
                "classes": ""
            },
            {
                "data": {
                    "id": 1622021008626,
                    "name": "",
                    "title": "B2F1 休息厅-1"
                },
                "position": {
                    "x": 187,
                    "y": 162
                },
                "group": "nodes",
                "removed": false,
                "selected": false,
                "selectable": true,
                "locked": false,
                "grabbable": true,
                "pannable": false,
                "classes": ""
            },
            {
                "data": {
                    "id": 1622021008627,
                    "name": "",
                    "title": "B2F1 休息厅-2"
                },
                "position": {
                    "x": 499.8511552385014,
                    "y": 180.2480746024977
                },
                "group": "nodes",
                "removed": false,
                "selected": false,
                "selectable": true,
                "locked": false,
                "grabbable": true,
                "pannable": false,
                "classes": ""
            },
            {
                "data": {
                    "id": 1622021008628,
                    "name": "",
                    "title": "B2F1 会议室-1"
                },
                "position": {
                    "x": 576,
                    "y": 173.19845968199814
                },
                "group": "nodes",
                "removed": false,
                "selected": false,
                "selectable": true,
                "locked": false,
                "grabbable": true,
                "pannable": false,
                "classes": ""
            },
            {
                "data": {
                    "id": 1622021008629,
                    "name": "",
                    "title": "B2F1 办公室-3"
                },
                "position": {
                    "x": 340,
                    "y": 138.9801800933433
                },
                "group": "nodes",
                "removed": false,
                "selected": false,
                "selectable": true,
                "locked": false,
                "grabbable": true,
                "pannable": false,
                "classes": ""
            },
            {
                "data": {
                    "id": 1622021008630,
                    "name": "",
                    "title": "B2F1 办公室-4"
                },
                "position": {
                    "x": 385,
                    "y": 139
                },
                "group": "nodes",
                "removed": false,
                "selected": false,
                "selectable": true,
                "locked": false,
                "grabbable": true,
                "pannable": false,
                "classes": ""
            },
            {
                "data": {
                    "id": 1622021008631,
                    "name": "",
                    "title": "B2F1 办公室-5"
                },
                "position": {
                    "x": 431.9933933644478,
                    "y": 139.97357345779108
                },
                "group": "nodes",
                "removed": false,
                "selected": false,
                "selectable": true,
                "locked": false,
                "grabbable": true,
                "pannable": false,
                "classes": ""
            },
            {
                "data": {
                    "id": 1622021008632,
                    "name": "",
                    "title": "B2F1 办公室-6"
                },
                "position": {
                    "x": 383,
                    "y": 190
                },
                "group": "nodes",
                "removed": false,
                "selected": false,
                "selectable": true,
                "locked": false,
                "grabbable": true,
                "pannable": false,
                "classes": ""
            },
            {
                "data": {
                    "id": 1622021008633,
                    "name": ""
                },
                "position": {
                    "x": 264,
                    "y": 165
                },
                "group": "nodes",
                "removed": false,
                "selected": false,
                "selectable": true,
                "locked": false,
                "grabbable": true,
                "pannable": false,
                "classes": ""
            },
            {
                "data": {
                    "id": 1622021008636,
                    "name": ""
                },
                "position": {
                    "x": 305.25845813040803,
                    "y": 165
                },
                "group": "nodes",
                "removed": false,
                "selected": false,
                "selectable": true,
                "locked": false,
                "grabbable": true,
                "pannable": false,
                "classes": ""
            },
            {
                "data": {
                    "id": 1622021008637,
                    "name": ""
                },
                "position": {
                    "x": 281,
                    "y": 165
                },
                "group": "nodes",
                "removed": false,
                "selected": false,
                "selectable": true,
                "locked": false,
                "grabbable": true,
                "pannable": false,
                "classes": ""
            },
            {
                "data": {
                    "id": 1622021008638,
                    "name": ""
                },
                "position": {
                    "x": 326,
                    "y": 164
                },
                "group": "nodes",
                "removed": false,
                "selected": false,
                "selectable": true,
                "locked": false,
                "grabbable": true,
                "pannable": false,
                "classes": ""
            },
            {
                "data": {
                    "id": 1622021008639,
                    "name": ""
                },
                "position": {
                    "x": 352,
                    "y": 164
                },
                "group": "nodes",
                "removed": false,
                "selected": false,
                "selectable": true,
                "locked": false,
                "grabbable": true,
                "pannable": false,
                "classes": ""
            },
            {
                "data": {
                    "id": 1622021008640,
                    "name": ""
                },
                "position": {
                    "x": 397,
                    "y": 164
                },
                "group": "nodes",
                "removed": false,
                "selected": false,
                "selectable": true,
                "locked": false,
                "grabbable": true,
                "pannable": false,
                "classes": ""
            },
            {
                "data": {
                    "id": 1622021008641,
                    "name": ""
                },
                "position": {
                    "x": 442.32452448593034,
                    "y": 164.66226224296517
                },
                "group": "nodes",
                "removed": false,
                "selected": false,
                "selectable": true,
                "locked": false,
                "grabbable": true,
                "pannable": false,
                "classes": ""
            },
            {
                "data": {
                    "id": 1622021008648,
                    "name": ""
                },
                "position": {
                    "x": 459.4170173836616,
                    "y": 165.32452448593037
                },
                "group": "nodes",
                "removed": false,
                "selected": false,
                "selectable": true,
                "locked": false,
                "grabbable": true,
                "pannable": false,
                "classes": ""
            },
            {
                "data": {
                    "id": 1622021008654,
                    "name": "",
                    "title": "B2F1 办公室-7"
                },
                "position": {
                    "x": 426,
                    "y": 190
                },
                "group": "nodes",
                "removed": false,
                "selected": false,
                "selectable": true,
                "locked": false,
                "grabbable": true,
                "pannable": false,
                "classes": ""
            },
            {
                "data": {
                    "id": 1622021008658,
                    "name": ""
                },
                "position": {
                    "x": 459,
                    "y": 224
                },
                "group": "nodes",
                "removed": false,
                "selected": false,
                "selectable": true,
                "locked": false,
                "grabbable": true,
                "pannable": false,
                "classes": ""
            },
            {
                "data": {
                    "id": 1622021008662,
                    "name": ""
                },
                "position": {
                    "x": 621,
                    "y": 226
                },
                "group": "nodes",
                "removed": false,
                "selected": false,
                "selectable": true,
                "locked": false,
                "grabbable": true,
                "pannable": false,
                "classes": ""
            },
            {
                "data": {
                    "id": 1622021008673,
                    "name": "",
                    "title": "B2F1 办公室-14"
                },
                "position": {
                    "x": 684,
                    "y": 325
                },
                "group": "nodes",
                "removed": false,
                "selected": false,
                "selectable": true,
                "locked": false,
                "grabbable": true,
                "pannable": false,
                "classes": ""
            },
            {
                "data": {
                    "id": 1622021008666,
                    "name": "",
                    "title": "B2F1 办公室-9"
                },
                "position": {
                    "x": 449,
                    "y": 320
                },
                "group": "nodes",
                "removed": false,
                "selected": false,
                "selectable": true,
                "locked": false,
                "grabbable": true,
                "pannable": false,
                "classes": ""
            },
            {
                "data": {
                    "id": 1622021008667,
                    "name": "",
                    "title": "B2F1 办公室-10"
                },
                "position": {
                    "x": 500,
                    "y": 325
                },
                "group": "nodes",
                "removed": false,
                "selected": false,
                "selectable": true,
                "locked": false,
                "grabbable": true,
                "pannable": false,
                "classes": ""
            },
            {
                "data": {
                    "id": 1622021008668,
                    "name": "",
                    "title": "B2F1 办公室-11"
                },
                "position": {
                    "x": 538,
                    "y": 325
                },
                "group": "nodes",
                "removed": false,
                "selected": false,
                "selectable": true,
                "locked": false,
                "grabbable": true,
                "pannable": false,
                "classes": ""
            },
            {
                "data": {
                    "id": 1622021008669,
                    "name": "",
                    "title": "B2F1 办公室-12"
                },
                "position": {
                    "x": 588,
                    "y": 325
                },
                "group": "nodes",
                "removed": false,
                "selected": false,
                "selectable": true,
                "locked": false,
                "grabbable": true,
                "pannable": false,
                "classes": ""
            },
            {
                "data": {
                    "id": 1622021008670,
                    "name": "",
                    "title": "B2F1 办公室-13"
                },
                "position": {
                    "x": 634,
                    "y": 325
                },
                "group": "nodes",
                "removed": false,
                "selected": false,
                "selectable": true,
                "locked": false,
                "grabbable": true,
                "pannable": false,
                "classes": ""
            },
            {
                "data": {
                    "id": 1622021008671,
                    "name": "",
                    "title": "B2F1 办公室-8"
                },
                "position": {
                    "x": 493,
                    "y": 264
                },
                "group": "nodes",
                "removed": false,
                "selected": false,
                "selectable": true,
                "locked": false,
                "grabbable": true,
                "pannable": false,
                "classes": ""
            },
            {
                "data": {
                    "id": 1622021008672,
                    "name": "",
                    "title": "B2F1 仓库-1"
                },
                "position": {
                    "x": 542,
                    "y": 263.4921266579213
                },
                "group": "nodes",
                "removed": false,
                "selected": false,
                "selectable": true,
                "locked": false,
                "grabbable": true,
                "pannable": false,
                "classes": ""
            },
            {
                "data": {
                    "id": 1622021008674,
                    "name": ""
                },
                "position": {
                    "x": 533.8730316644803,
                    "y": 225.5413564349146
                },
                "group": "nodes",
                "removed": false,
                "selected": false,
                "selectable": true,
                "locked": false,
                "grabbable": true,
                "pannable": false,
                "classes": ""
            },
            {
                "data": {
                    "id": 1622021008675,
                    "name": ""
                },
                "position": {
                    "x": 598,
                    "y": 225
                },
                "group": "nodes",
                "removed": false,
                "selected": false,
                "selectable": true,
                "locked": false,
                "grabbable": true,
                "pannable": false,
                "classes": ""
            },
            {
                "data": {
                    "id": 1622021008676,
                    "name": ""
                },
                "position": {
                    "x": 531,
                    "y": 197
                },
                "group": "nodes",
                "removed": false,
                "selected": false,
                "selectable": true,
                "locked": false,
                "grabbable": true,
                "pannable": false,
                "classes": ""
            },
            {
                "data": {
                    "id": 1622021008677,
                    "name": ""
                },
                "position": {
                    "x": 598,
                    "y": 196
                },
                "group": "nodes",
                "removed": false,
                "selected": false,
                "selectable": true,
                "locked": false,
                "grabbable": true,
                "pannable": false,
                "classes": ""
            },
            {
                "data": {
                    "id": 1622021008685,
                    "name": ""
                },
                "position": {
                    "x": 187,
                    "y": 223
                },
                "group": "nodes",
                "removed": false,
                "selected": false,
                "selectable": true,
                "locked": false,
                "grabbable": true,
                "pannable": false,
                "classes": ""
            },
            {
                "data": {
                    "id": 1622021008688,
                    "name": ""
                },
                "position": {
                    "x": 621,
                    "y": 293
                },
                "group": "nodes",
                "removed": false,
                "selected": false,
                "selectable": true,
                "locked": false,
                "grabbable": true,
                "pannable": false,
                "classes": ""
            },
            {
                "data": {
                    "id": 1622021008689,
                    "name": ""
                },
                "position": {
                    "x": 657,
                    "y": 295
                },
                "group": "nodes",
                "removed": false,
                "selected": false,
                "selectable": true,
                "locked": false,
                "grabbable": true,
                "pannable": false,
                "classes": ""
            },
            {
                "data": {
                    "id": 1622021008690,
                    "name": ""
                },
                "position": {
                    "x": 601,
                    "y": 294
                },
                "group": "nodes",
                "removed": false,
                "selected": false,
                "selectable": true,
                "locked": false,
                "grabbable": true,
                "pannable": false,
                "classes": ""
            },
            {
                "data": {
                    "id": 1622021008691,
                    "name": ""
                },
                "position": {
                    "x": 551.0198199066567,
                    "y": 295.3311311214826
                },
                "group": "nodes",
                "removed": false,
                "selected": false,
                "selectable": true,
                "locked": false,
                "grabbable": true,
                "pannable": false,
                "classes": ""
            },
            {
                "data": {
                    "id": 1622021008692,
                    "name": ""
                },
                "position": {
                    "x": 502,
                    "y": 296
                },
                "group": "nodes",
                "removed": false,
                "selected": false,
                "selectable": true,
                "locked": false,
                "grabbable": true,
                "pannable": false,
                "classes": ""
            },
            {
                "data": {
                    "id": 1622021008693,
                    "name": ""
                },
                "position": {
                    "x": 458,
                    "y": 295
                },
                "group": "nodes",
                "removed": false,
                "selected": false,
                "selectable": true,
                "locked": false,
                "grabbable": true,
                "pannable": false,
                "classes": ""
            },
            {
                "data": {
                    "id": 1622021008708,
                    "name": ""
                },
                "position": {
                    "x": 728.9007701590009,
                    "y": 226.57442238074933
                },
                "group": "nodes",
                "removed": false,
                "selected": false,
                "selectable": true,
                "locked": false,
                "grabbable": true,
                "pannable": false,
                "classes": ""
            },
            {
                "data": {
                    "id": 1622021008712,
                    "name": ""
                },
                "position": {
                    "x": 776.5744223807493,
                    "y": 226.57442238074933
                },
                "group": "nodes",
                "removed": false,
                "selected": false,
                "selectable": true,
                "locked": false,
                "grabbable": true,
                "pannable": false,
                "classes": ""
            },
            {
                "data": {
                    "id": 1622021008723,
                    "name": "",
                    "title": "B2F1 办公室-21"
                },
                "position": {
                    "x": 810,
                    "y": 132
                },
                "group": "nodes",
                "removed": false,
                "selected": false,
                "selectable": true,
                "locked": false,
                "grabbable": true,
                "pannable": false,
                "classes": ""
            },
            {
                "data": {
                    "id": 1622021008716,
                    "name": "",
                    "title": "B2F1 办公室-15"
                },
                "position": {
                    "x": 899,
                    "y": 34
                },
                "group": "nodes",
                "removed": false,
                "selected": false,
                "selectable": true,
                "locked": false,
                "grabbable": true,
                "pannable": false,
                "classes": ""
            },
            {
                "data": {
                    "id": 1622021008717,
                    "name": "",
                    "title": "B2F1 办公室-16"
                },
                "position": {
                    "x": 901,
                    "y": 74
                },
                "group": "nodes",
                "removed": false,
                "selected": false,
                "selectable": true,
                "locked": false,
                "grabbable": true,
                "pannable": false,
                "classes": ""
            },
            {
                "data": {
                    "id": 1622021008718,
                    "name": "",
                    "title": "B2F1 办公室-17"
                },
                "position": {
                    "x": 902,
                    "y": 110
                },
                "group": "nodes",
                "removed": false,
                "selected": false,
                "selectable": true,
                "locked": false,
                "grabbable": true,
                "pannable": false,
                "classes": ""
            },
            {
                "data": {
                    "id": 1622021008719,
                    "name": "",
                    "title": "B2F1 办公室-18"
                },
                "position": {
                    "x": 887.7481485051443,
                    "y": 149.38398420590048
                },
                "group": "nodes",
                "removed": false,
                "selected": false,
                "selectable": true,
                "locked": false,
                "grabbable": true,
                "pannable": false,
                "classes": ""
            },
            {
                "data": {
                    "id": 1622021008720,
                    "name": "",
                    "title": "B2F1 办公室-19"
                },
                "position": {
                    "x": 886.7613617762488,
                    "y": 189.63583570075625
                },
                "group": "nodes",
                "removed": false,
                "selected": false,
                "selectable": true,
                "locked": false,
                "grabbable": true,
                "pannable": false,
                "classes": ""
            },
            {
                "data": {
                    "id": 1622021008721,
                    "name": "",
                    "title": "B2F1 办公室-20"
                },
                "position": {
                    "x": 898,
                    "y": 228
                },
                "group": "nodes",
                "removed": false,
                "selected": false,
                "selectable": true,
                "locked": false,
                "grabbable": true,
                "pannable": false,
                "classes": ""
            },
            {
                "data": {
                    "id": 1622021008722,
                    "name": "",
                    "title": "B2F1 办公室-22"
                },
                "position": {
                    "x": 800.4170173836617,
                    "y": 176.99339336444777
                },
                "group": "nodes",
                "removed": false,
                "selected": false,
                "selectable": true,
                "locked": false,
                "grabbable": true,
                "pannable": false,
                "classes": ""
            },
            {
                "data": {
                    "id": 1622021008724,
                    "name": ""
                },
                "position": {
                    "x": 777,
                    "y": 100
                },
                "group": "nodes",
                "removed": false,
                "selected": false,
                "selectable": true,
                "locked": false,
                "grabbable": true,
                "pannable": false,
                "classes": ""
            },
            {
                "data": {
                    "id": 1622021008725,
                    "name": ""
                },
                "position": {
                    "x": 776,
                    "y": 203
                },
                "group": "nodes",
                "removed": false,
                "selected": false,
                "selectable": true,
                "locked": false,
                "grabbable": true,
                "pannable": false,
                "classes": ""
            },
            {
                "data": {
                    "id": 1622021008726,
                    "name": ""
                },
                "position": {
                    "x": 850,
                    "y": 68
                },
                "group": "nodes",
                "removed": false,
                "selected": false,
                "selectable": true,
                "locked": false,
                "grabbable": true,
                "pannable": false,
                "classes": ""
            },
            {
                "data": {
                    "id": 1622021008732,
                    "name": ""
                },
                "position": {
                    "x": 801,
                    "y": 204
                },
                "group": "nodes",
                "removed": false,
                "selected": false,
                "selectable": true,
                "locked": false,
                "grabbable": true,
                "pannable": false,
                "classes": ""
            },
            {
                "data": {
                    "id": 1622021008735,
                    "name": ""
                },
                "position": {
                    "x": 800.3377377570349,
                    "y": 142.41701738366166
                },
                "group": "nodes",
                "removed": false,
                "selected": false,
                "selectable": true,
                "locked": false,
                "grabbable": true,
                "pannable": false,
                "classes": ""
            },
            {
                "data": {
                    "id": 1622021008740,
                    "name": ""
                },
                "position": {
                    "x": 832,
                    "y": 122
                },
                "group": "nodes",
                "removed": false,
                "selected": false,
                "selectable": true,
                "locked": false,
                "grabbable": true,
                "pannable": false,
                "classes": ""
            },
            {
                "data": {
                    "id": 1622021008742,
                    "name": ""
                },
                "position": {
                    "x": 868.7283285984876,
                    "y": 126
                },
                "group": "nodes",
                "removed": false,
                "selected": false,
                "selectable": true,
                "locked": false,
                "grabbable": true,
                "pannable": false,
                "classes": ""
            },
            {
                "data": {
                    "id": 1622021008743,
                    "name": ""
                },
                "position": {
                    "x": 871,
                    "y": 83
                },
                "group": "nodes",
                "removed": false,
                "selected": false,
                "selectable": true,
                "locked": false,
                "grabbable": true,
                "pannable": false,
                "classes": ""
            },
            {
                "data": {
                    "id": 1622021008746,
                    "name": ""
                },
                "position": {
                    "x": 871.3179178503782,
                    "y": 42.98678672889553
                },
                "group": "nodes",
                "removed": false,
                "selected": false,
                "selectable": true,
                "locked": false,
                "grabbable": true,
                "pannable": false,
                "classes": ""
            },
            {
                "data": {
                    "id": 1622021008750,
                    "name": ""
                },
                "position": {
                    "x": 867.0066066355523,
                    "y": 202.99339336444777
                },
                "group": "nodes",
                "removed": false,
                "selected": false,
                "selectable": true,
                "locked": false,
                "grabbable": true,
                "pannable": false,
                "classes": ""
            },
            {
                "data": {
                    "id": 1622021008752,
                    "name": ""
                },
                "position": {
                    "x": 870,
                    "y": 146
                },
                "group": "nodes",
                "removed": false,
                "selected": false,
                "selectable": true,
                "locked": false,
                "grabbable": true,
                "pannable": false,
                "classes": ""
            },
            {
                "data": {
                    "id": 1622021008755,
                    "name": ""
                },
                "position": {
                    "x": 887.0066066355523,
                    "y": 173.99339336444777
                },
                "group": "nodes",
                "removed": false,
                "selected": false,
                "selectable": true,
                "locked": false,
                "grabbable": true,
                "pannable": false,
                "classes": ""
            },
            {
                "data": {
                    "id": 1622812869742,
                    "name": ""
                },
                "position": {
                    "x": 133,
                    "y": 223
                },
                "group": "nodes",
                "removed": false,
                "selected": false,
                "selectable": true,
                "locked": false,
                "grabbable": true,
                "pannable": false,
                "classes": ""
            },
            {
                "data": {
                    "id": 1622812869743,
                    "name": "",
                    "title": "B2F1 楼梯口"
                },
                "position": {
                    "x": 133,
                    "y": 309
                },
                "group": "nodes",
                "removed": false,
                "selected": true,
                "selectable": true,
                "locked": false,
                "grabbable": true,
                "pannable": false,
                "classes": ""
            }
        ],
        "edges": [
            {
                "data": {
                    "id": 1622021008610,
                    "source": 1622021008608,
                    "target": 1622021008609,
                    "level": 0,
                    "virtual": 0
                },
                "position": {
                    "x": 0,
                    "y": 0
                },
                "group": "edges",
                "removed": false,
                "selected": false,
                "selectable": true,
                "locked": false,
                "grabbable": true,
                "pannable": true,
                "classes": ""
            },
            {
                "data": {
                    "id": 1622021008614,
                    "source": 1622021008611,
                    "target": 1622021008613,
                    "level": 0,
                    "virtual": 0
                },
                "position": {
                    "x": 0,
                    "y": 0
                },
                "group": "edges",
                "removed": false,
                "selected": false,
                "selectable": true,
                "locked": false,
                "grabbable": true,
                "pannable": true,
                "classes": ""
            },
            {
                "data": {
                    "id": 1622021008616,
                    "source": 1622021008612,
                    "target": 1622021008615,
                    "level": 0,
                    "virtual": 0
                },
                "position": {
                    "x": 0,
                    "y": 0
                },
                "group": "edges",
                "removed": false,
                "selected": false,
                "selectable": true,
                "locked": false,
                "grabbable": true,
                "pannable": true,
                "classes": ""
            },
            {
                "data": {
                    "id": 1622021008619,
                    "source": 1622021008615,
                    "target": 1622021008618,
                    "level": 0,
                    "virtual": 0
                },
                "position": {
                    "x": 0,
                    "y": 0
                },
                "group": "edges",
                "removed": false,
                "selected": false,
                "selectable": true,
                "locked": false,
                "grabbable": true,
                "pannable": true,
                "classes": ""
            },
            {
                "data": {
                    "id": 1622021008620,
                    "source": 1622021008618,
                    "target": 1622021008617,
                    "level": 0,
                    "virtual": 0
                },
                "position": {
                    "x": 0,
                    "y": 0
                },
                "group": "edges",
                "removed": false,
                "selected": false,
                "selectable": true,
                "locked": false,
                "grabbable": true,
                "pannable": true,
                "classes": ""
            },
            {
                "data": {
                    "id": 1622021008621,
                    "source": 1622021008613,
                    "target": 1622021008617,
                    "level": 0,
                    "virtual": 0
                },
                "position": {
                    "x": 0,
                    "y": 0
                },
                "group": "edges",
                "removed": false,
                "selected": false,
                "selectable": true,
                "locked": false,
                "grabbable": true,
                "pannable": true,
                "classes": ""
            },
            {
                "data": {
                    "id": 1622021008622,
                    "source": 1622021008609,
                    "target": 1622021008618,
                    "level": 0,
                    "virtual": 0
                },
                "position": {
                    "x": 0,
                    "y": 0
                },
                "group": "edges",
                "removed": false,
                "selected": false,
                "selectable": true,
                "locked": false,
                "grabbable": true,
                "pannable": true,
                "classes": ""
            },
            {
                "data": {
                    "id": 1622021008634,
                    "source": 1622021008617,
                    "target": 1622021008633,
                    "level": 0,
                    "virtual": 0
                },
                "position": {
                    "x": 0,
                    "y": 0
                },
                "group": "edges",
                "removed": false,
                "selected": false,
                "selectable": true,
                "locked": false,
                "grabbable": true,
                "pannable": true,
                "classes": ""
            },
            {
                "data": {
                    "id": 1622021008635,
                    "source": 1622021008633,
                    "target": 1622021008624,
                    "level": 0,
                    "virtual": 0
                },
                "position": {
                    "x": 0,
                    "y": 0
                },
                "group": "edges",
                "removed": false,
                "selected": false,
                "selectable": true,
                "locked": false,
                "grabbable": true,
                "pannable": true,
                "classes": ""
            },
            {
                "data": {
                    "id": 1622021008642,
                    "source": 1622021008633,
                    "target": 1622021008637,
                    "level": 0,
                    "virtual": 0
                },
                "position": {
                    "x": 0,
                    "y": 0
                },
                "group": "edges",
                "removed": false,
                "selected": false,
                "selectable": true,
                "locked": false,
                "grabbable": true,
                "pannable": true,
                "classes": ""
            },
            {
                "data": {
                    "id": 1622021008643,
                    "source": 1622021008637,
                    "target": 1622021008636,
                    "level": 0,
                    "virtual": 0
                },
                "position": {
                    "x": 0,
                    "y": 0
                },
                "group": "edges",
                "removed": false,
                "selected": false,
                "selectable": true,
                "locked": false,
                "grabbable": true,
                "pannable": true,
                "classes": ""
            },
            {
                "data": {
                    "id": 1622021008644,
                    "source": 1622021008636,
                    "target": 1622021008638,
                    "level": 0,
                    "virtual": 0
                },
                "position": {
                    "x": 0,
                    "y": 0
                },
                "group": "edges",
                "removed": false,
                "selected": false,
                "selectable": true,
                "locked": false,
                "grabbable": true,
                "pannable": true,
                "classes": ""
            },
            {
                "data": {
                    "id": 1622021008645,
                    "source": 1622021008638,
                    "target": 1622021008639,
                    "level": 0,
                    "virtual": 0
                },
                "position": {
                    "x": 0,
                    "y": 0
                },
                "group": "edges",
                "removed": false,
                "selected": false,
                "selectable": true,
                "locked": false,
                "grabbable": true,
                "pannable": true,
                "classes": ""
            },
            {
                "data": {
                    "id": 1622021008646,
                    "source": 1622021008639,
                    "target": 1622021008640,
                    "level": 0,
                    "virtual": 0
                },
                "position": {
                    "x": 0,
                    "y": 0
                },
                "group": "edges",
                "removed": false,
                "selected": false,
                "selectable": true,
                "locked": false,
                "grabbable": true,
                "pannable": true,
                "classes": ""
            },
            {
                "data": {
                    "id": 1622021008647,
                    "source": 1622021008640,
                    "target": 1622021008641,
                    "level": 0,
                    "virtual": 0
                },
                "position": {
                    "x": 0,
                    "y": 0
                },
                "group": "edges",
                "removed": false,
                "selected": false,
                "selectable": true,
                "locked": false,
                "grabbable": true,
                "pannable": true,
                "classes": ""
            },
            {
                "data": {
                    "id": 1622021008649,
                    "source": 1622021008641,
                    "target": 1622021008648,
                    "level": 0,
                    "virtual": 0
                },
                "position": {
                    "x": 0,
                    "y": 0
                },
                "group": "edges",
                "removed": false,
                "selected": false,
                "selectable": true,
                "locked": false,
                "grabbable": true,
                "pannable": true,
                "classes": ""
            },
            {
                "data": {
                    "id": 1622021008650,
                    "source": 1622021008648,
                    "target": 1622021008627,
                    "level": 0,
                    "virtual": 0
                },
                "position": {
                    "x": 0,
                    "y": 0
                },
                "group": "edges",
                "removed": false,
                "selected": false,
                "selectable": true,
                "locked": false,
                "grabbable": true,
                "pannable": true,
                "classes": ""
            },
            {
                "data": {
                    "id": 1622021008651,
                    "source": 1622021008641,
                    "target": 1622021008631,
                    "level": 0,
                    "virtual": 0
                },
                "position": {
                    "x": 0,
                    "y": 0
                },
                "group": "edges",
                "removed": false,
                "selected": false,
                "selectable": true,
                "locked": false,
                "grabbable": true,
                "pannable": true,
                "classes": ""
            },
            {
                "data": {
                    "id": 1622021008652,
                    "source": 1622021008640,
                    "target": 1622021008630,
                    "level": 0,
                    "virtual": 0
                },
                "position": {
                    "x": 0,
                    "y": 0
                },
                "group": "edges",
                "removed": false,
                "selected": false,
                "selectable": true,
                "locked": false,
                "grabbable": true,
                "pannable": true,
                "classes": ""
            },
            {
                "data": {
                    "id": 1622021008653,
                    "source": 1622021008640,
                    "target": 1622021008632,
                    "level": 0,
                    "virtual": 0
                },
                "position": {
                    "x": 0,
                    "y": 0
                },
                "group": "edges",
                "removed": false,
                "selected": false,
                "selectable": true,
                "locked": false,
                "grabbable": true,
                "pannable": true,
                "classes": ""
            },
            {
                "data": {
                    "id": 1622021008655,
                    "source": 1622021008625,
                    "target": 1622021008636,
                    "level": 0,
                    "virtual": 0
                },
                "position": {
                    "x": 0,
                    "y": 0
                },
                "group": "edges",
                "removed": false,
                "selected": false,
                "selectable": true,
                "locked": false,
                "grabbable": true,
                "pannable": true,
                "classes": ""
            },
            {
                "data": {
                    "id": 1622021008656,
                    "source": 1622021008629,
                    "target": 1622021008638,
                    "level": 0,
                    "virtual": 0
                },
                "position": {
                    "x": 0,
                    "y": 0
                },
                "group": "edges",
                "removed": false,
                "selected": false,
                "selectable": true,
                "locked": false,
                "grabbable": true,
                "pannable": true,
                "classes": ""
            },
            {
                "data": {
                    "id": 1622021008657,
                    "source": 1622021008641,
                    "target": 1622021008654,
                    "level": 0,
                    "virtual": 0
                },
                "position": {
                    "x": 0,
                    "y": 0
                },
                "group": "edges",
                "removed": false,
                "selected": false,
                "selectable": true,
                "locked": false,
                "grabbable": true,
                "pannable": true,
                "classes": ""
            },
            {
                "data": {
                    "id": 1622021008660,
                    "source": 1622021008658,
                    "target": 1622021008648,
                    "level": 0,
                    "virtual": 0
                },
                "position": {
                    "x": 0,
                    "y": 0
                },
                "group": "edges",
                "removed": false,
                "selected": false,
                "selectable": true,
                "locked": false,
                "grabbable": true,
                "pannable": true,
                "classes": ""
            },
            {
                "data": {
                    "id": 1622021008661,
                    "source": 1622021008609,
                    "target": 1622021008658,
                    "level": 0,
                    "virtual": 0
                },
                "position": {
                    "x": 0,
                    "y": 0
                },
                "group": "edges",
                "removed": false,
                "selected": false,
                "selectable": true,
                "locked": false,
                "grabbable": true,
                "pannable": true,
                "classes": ""
            },
            {
                "data": {
                    "id": 1622021008665,
                    "source": 1622021008662,
                    "target": 1622021008623,
                    "level": 0,
                    "virtual": 0
                },
                "position": {
                    "x": 0,
                    "y": 0
                },
                "group": "edges",
                "removed": false,
                "selected": false,
                "selectable": true,
                "locked": false,
                "grabbable": true,
                "pannable": true,
                "classes": ""
            },
            {
                "data": {
                    "id": 1622021008678,
                    "source": 1622021008627,
                    "target": 1622021008676,
                    "level": 0,
                    "virtual": 0
                },
                "position": {
                    "x": 0,
                    "y": 0
                },
                "group": "edges",
                "removed": false,
                "selected": false,
                "selectable": true,
                "locked": false,
                "grabbable": true,
                "pannable": true,
                "classes": ""
            },
            {
                "data": {
                    "id": 1622021008679,
                    "source": 1622021008676,
                    "target": 1622021008674,
                    "level": 0,
                    "virtual": 0
                },
                "position": {
                    "x": 0,
                    "y": 0
                },
                "group": "edges",
                "removed": false,
                "selected": false,
                "selectable": true,
                "locked": false,
                "grabbable": true,
                "pannable": true,
                "classes": ""
            },
            {
                "data": {
                    "id": 1622021008680,
                    "source": 1622021008674,
                    "target": 1622021008658,
                    "level": 0,
                    "virtual": 0
                },
                "position": {
                    "x": 0,
                    "y": 0
                },
                "group": "edges",
                "removed": false,
                "selected": false,
                "selectable": true,
                "locked": false,
                "grabbable": true,
                "pannable": true,
                "classes": ""
            },
            {
                "data": {
                    "id": 1622021008681,
                    "source": 1622021008674,
                    "target": 1622021008675,
                    "level": 0,
                    "virtual": 0
                },
                "position": {
                    "x": 0,
                    "y": 0
                },
                "group": "edges",
                "removed": false,
                "selected": false,
                "selectable": true,
                "locked": false,
                "grabbable": true,
                "pannable": true,
                "classes": ""
            },
            {
                "data": {
                    "id": 1622021008682,
                    "source": 1622021008675,
                    "target": 1622021008662,
                    "level": 0,
                    "virtual": 0
                },
                "position": {
                    "x": 0,
                    "y": 0
                },
                "group": "edges",
                "removed": false,
                "selected": false,
                "selectable": true,
                "locked": false,
                "grabbable": true,
                "pannable": true,
                "classes": ""
            },
            {
                "data": {
                    "id": 1622021008683,
                    "source": 1622021008675,
                    "target": 1622021008677,
                    "level": 0,
                    "virtual": 0
                },
                "position": {
                    "x": 0,
                    "y": 0
                },
                "group": "edges",
                "removed": false,
                "selected": false,
                "selectable": true,
                "locked": false,
                "grabbable": true,
                "pannable": true,
                "classes": ""
            },
            {
                "data": {
                    "id": 1622021008684,
                    "source": 1622021008677,
                    "target": 1622021008628,
                    "level": 0,
                    "virtual": 0
                },
                "position": {
                    "x": 0,
                    "y": 0
                },
                "group": "edges",
                "removed": false,
                "selected": false,
                "selectable": true,
                "locked": false,
                "grabbable": true,
                "pannable": true,
                "classes": ""
            },
            {
                "data": {
                    "id": 1622021008686,
                    "source": 1622021008626,
                    "target": 1622021008685,
                    "level": 0,
                    "virtual": 0
                },
                "position": {
                    "x": 0,
                    "y": 0
                },
                "group": "edges",
                "removed": false,
                "selected": false,
                "selectable": true,
                "locked": false,
                "grabbable": true,
                "pannable": true,
                "classes": ""
            },
            {
                "data": {
                    "id": 1622021008687,
                    "source": 1622021008685,
                    "target": 1622021008617,
                    "level": 0,
                    "virtual": 0
                },
                "position": {
                    "x": 0,
                    "y": 0
                },
                "group": "edges",
                "removed": false,
                "selected": false,
                "selectable": true,
                "locked": false,
                "grabbable": true,
                "pannable": true,
                "classes": ""
            },
            {
                "data": {
                    "id": 1622021008694,
                    "source": 1622021008693,
                    "target": 1622021008666,
                    "level": 0,
                    "virtual": 0
                },
                "position": {
                    "x": 0,
                    "y": 0
                },
                "group": "edges",
                "removed": false,
                "selected": false,
                "selectable": true,
                "locked": false,
                "grabbable": true,
                "pannable": true,
                "classes": ""
            },
            {
                "data": {
                    "id": 1622021008695,
                    "source": 1622021008693,
                    "target": 1622021008692,
                    "level": 0,
                    "virtual": 0
                },
                "position": {
                    "x": 0,
                    "y": 0
                },
                "group": "edges",
                "removed": false,
                "selected": false,
                "selectable": true,
                "locked": false,
                "grabbable": true,
                "pannable": true,
                "classes": ""
            },
            {
                "data": {
                    "id": 1622021008696,
                    "source": 1622021008692,
                    "target": 1622021008691,
                    "level": 0,
                    "virtual": 0
                },
                "position": {
                    "x": 0,
                    "y": 0
                },
                "group": "edges",
                "removed": false,
                "selected": false,
                "selectable": true,
                "locked": false,
                "grabbable": true,
                "pannable": true,
                "classes": ""
            },
            {
                "data": {
                    "id": 1622021008697,
                    "source": 1622021008691,
                    "target": 1622021008690,
                    "level": 0,
                    "virtual": 0
                },
                "position": {
                    "x": 0,
                    "y": 0
                },
                "group": "edges",
                "removed": false,
                "selected": false,
                "selectable": true,
                "locked": false,
                "grabbable": true,
                "pannable": true,
                "classes": ""
            },
            {
                "data": {
                    "id": 1622021008698,
                    "source": 1622021008690,
                    "target": 1622021008688,
                    "level": 0,
                    "virtual": 0
                },
                "position": {
                    "x": 0,
                    "y": 0
                },
                "group": "edges",
                "removed": false,
                "selected": false,
                "selectable": true,
                "locked": false,
                "grabbable": true,
                "pannable": true,
                "classes": ""
            },
            {
                "data": {
                    "id": 1622021008699,
                    "source": 1622021008688,
                    "target": 1622021008623,
                    "level": 0,
                    "virtual": 0
                },
                "position": {
                    "x": 0,
                    "y": 0
                },
                "group": "edges",
                "removed": false,
                "selected": false,
                "selectable": true,
                "locked": false,
                "grabbable": true,
                "pannable": true,
                "classes": ""
            },
            {
                "data": {
                    "id": 1622021008700,
                    "source": 1622021008671,
                    "target": 1622021008692,
                    "level": 0,
                    "virtual": 0
                },
                "position": {
                    "x": 0,
                    "y": 0
                },
                "group": "edges",
                "removed": false,
                "selected": false,
                "selectable": true,
                "locked": false,
                "grabbable": true,
                "pannable": true,
                "classes": ""
            },
            {
                "data": {
                    "id": 1622021008701,
                    "source": 1622021008672,
                    "target": 1622021008691,
                    "level": 0,
                    "virtual": 0
                },
                "position": {
                    "x": 0,
                    "y": 0
                },
                "group": "edges",
                "removed": false,
                "selected": false,
                "selectable": true,
                "locked": false,
                "grabbable": true,
                "pannable": true,
                "classes": ""
            },
            {
                "data": {
                    "id": 1622021008702,
                    "source": 1622021008692,
                    "target": 1622021008667,
                    "level": 0,
                    "virtual": 0
                },
                "position": {
                    "x": 0,
                    "y": 0
                },
                "group": "edges",
                "removed": false,
                "selected": false,
                "selectable": true,
                "locked": false,
                "grabbable": true,
                "pannable": true,
                "classes": ""
            },
            {
                "data": {
                    "id": 1622021008703,
                    "source": 1622021008691,
                    "target": 1622021008668,
                    "level": 0,
                    "virtual": 0
                },
                "position": {
                    "x": 0,
                    "y": 0
                },
                "group": "edges",
                "removed": false,
                "selected": false,
                "selectable": true,
                "locked": false,
                "grabbable": true,
                "pannable": true,
                "classes": ""
            },
            {
                "data": {
                    "id": 1622021008704,
                    "source": 1622021008690,
                    "target": 1622021008669,
                    "level": 0,
                    "virtual": 0
                },
                "position": {
                    "x": 0,
                    "y": 0
                },
                "group": "edges",
                "removed": false,
                "selected": false,
                "selectable": true,
                "locked": false,
                "grabbable": true,
                "pannable": true,
                "classes": ""
            },
            {
                "data": {
                    "id": 1622021008705,
                    "source": 1622021008688,
                    "target": 1622021008670,
                    "level": 0,
                    "virtual": 0
                },
                "position": {
                    "x": 0,
                    "y": 0
                },
                "group": "edges",
                "removed": false,
                "selected": false,
                "selectable": true,
                "locked": false,
                "grabbable": true,
                "pannable": true,
                "classes": ""
            },
            {
                "data": {
                    "id": 1622021008706,
                    "source": 1622021008689,
                    "target": 1622021008688,
                    "level": 0,
                    "virtual": 0
                },
                "position": {
                    "x": 0,
                    "y": 0
                },
                "group": "edges",
                "removed": false,
                "selected": false,
                "selectable": true,
                "locked": false,
                "grabbable": true,
                "pannable": true,
                "classes": ""
            },
            {
                "data": {
                    "id": 1622021008707,
                    "source": 1622021008689,
                    "target": 1622021008673,
                    "level": 0,
                    "virtual": 0
                },
                "position": {
                    "x": 0,
                    "y": 0
                },
                "group": "edges",
                "removed": false,
                "selected": false,
                "selectable": true,
                "locked": false,
                "grabbable": true,
                "pannable": true,
                "classes": ""
            },
            {
                "data": {
                    "id": 1622021008710,
                    "source": 1622021008662,
                    "target": 1622021008708,
                    "level": 0,
                    "virtual": 0
                },
                "position": {
                    "x": 0,
                    "y": 0
                },
                "group": "edges",
                "removed": false,
                "selected": false,
                "selectable": true,
                "locked": false,
                "grabbable": true,
                "pannable": true,
                "classes": ""
            },
            {
                "data": {
                    "id": 1622021008711,
                    "source": 1622021008606,
                    "target": 1622021008708,
                    "level": 0,
                    "virtual": 0
                },
                "position": {
                    "x": 0,
                    "y": 0
                },
                "group": "edges",
                "removed": false,
                "selected": false,
                "selectable": true,
                "locked": false,
                "grabbable": true,
                "pannable": true,
                "classes": ""
            },
            {
                "data": {
                    "id": 1622021008713,
                    "source": 1622021008708,
                    "target": 1622021008712,
                    "level": 0,
                    "virtual": 0
                },
                "position": {
                    "x": 0,
                    "y": 0
                },
                "group": "edges",
                "removed": false,
                "selected": false,
                "selectable": true,
                "locked": false,
                "grabbable": true,
                "pannable": true,
                "classes": ""
            },
            {
                "data": {
                    "id": 1622021008715,
                    "source": 1622021008605,
                    "target": 1622021008604,
                    "level": 0,
                    "virtual": 0
                },
                "position": {
                    "x": 0,
                    "y": 0
                },
                "group": "edges",
                "removed": false,
                "selected": false,
                "selectable": true,
                "locked": false,
                "grabbable": true,
                "pannable": true,
                "classes": ""
            },
            {
                "data": {
                    "id": 1622021008727,
                    "source": 1622021008712,
                    "target": 1622021008725,
                    "level": 0,
                    "virtual": 0
                },
                "position": {
                    "x": 0,
                    "y": 0
                },
                "group": "edges",
                "removed": false,
                "selected": false,
                "selectable": true,
                "locked": false,
                "grabbable": true,
                "pannable": true,
                "classes": ""
            },
            {
                "data": {
                    "id": 1622021008728,
                    "source": 1622021008725,
                    "target": 1622021008724,
                    "level": 0,
                    "virtual": 0
                },
                "position": {
                    "x": 0,
                    "y": 0
                },
                "group": "edges",
                "removed": false,
                "selected": false,
                "selectable": true,
                "locked": false,
                "grabbable": true,
                "pannable": true,
                "classes": ""
            },
            {
                "data": {
                    "id": 1622021008729,
                    "source": 1622021008724,
                    "target": 1622021008605,
                    "level": 0,
                    "virtual": 0
                },
                "position": {
                    "x": 0,
                    "y": 0
                },
                "group": "edges",
                "removed": false,
                "selected": false,
                "selectable": true,
                "locked": false,
                "grabbable": true,
                "pannable": true,
                "classes": ""
            },
            {
                "data": {
                    "id": 1622021008730,
                    "source": 1622021008724,
                    "target": 1622021008604,
                    "level": 0,
                    "virtual": 0
                },
                "position": {
                    "x": 0,
                    "y": 0
                },
                "group": "edges",
                "removed": false,
                "selected": false,
                "selectable": true,
                "locked": false,
                "grabbable": true,
                "pannable": true,
                "classes": ""
            },
            {
                "data": {
                    "id": 1622021008731,
                    "source": 1622021008604,
                    "target": 1622021008726,
                    "level": 0,
                    "virtual": 0
                },
                "position": {
                    "x": 0,
                    "y": 0
                },
                "group": "edges",
                "removed": false,
                "selected": false,
                "selectable": true,
                "locked": false,
                "grabbable": true,
                "pannable": true,
                "classes": ""
            },
            {
                "data": {
                    "id": 1622021008733,
                    "source": 1622021008725,
                    "target": 1622021008732,
                    "level": 0,
                    "virtual": 0
                },
                "position": {
                    "x": 0,
                    "y": 0
                },
                "group": "edges",
                "removed": false,
                "selected": false,
                "selectable": true,
                "locked": false,
                "grabbable": true,
                "pannable": true,
                "classes": ""
            },
            {
                "data": {
                    "id": 1622021008734,
                    "source": 1622021008732,
                    "target": 1622021008722,
                    "level": 0,
                    "virtual": 0
                },
                "position": {
                    "x": 0,
                    "y": 0
                },
                "group": "edges",
                "removed": false,
                "selected": false,
                "selectable": true,
                "locked": false,
                "grabbable": true,
                "pannable": true,
                "classes": ""
            },
            {
                "data": {
                    "id": 1622021008737,
                    "source": 1622021008722,
                    "target": 1622021008735,
                    "level": 0,
                    "virtual": 0
                },
                "position": {
                    "x": 0,
                    "y": 0
                },
                "group": "edges",
                "removed": false,
                "selected": false,
                "selectable": true,
                "locked": false,
                "grabbable": true,
                "pannable": true,
                "classes": ""
            },
            {
                "data": {
                    "id": 1622021008739,
                    "source": 1622021008735,
                    "target": 1622021008723,
                    "level": 0,
                    "virtual": 0
                },
                "position": {
                    "x": 0,
                    "y": 0
                },
                "group": "edges",
                "removed": false,
                "selected": false,
                "selectable": true,
                "locked": false,
                "grabbable": true,
                "pannable": true,
                "classes": ""
            },
            {
                "data": {
                    "id": 1622021008741,
                    "source": 1622021008723,
                    "target": 1622021008740,
                    "level": 0,
                    "virtual": 0
                },
                "position": {
                    "x": 0,
                    "y": 0
                },
                "group": "edges",
                "removed": false,
                "selected": false,
                "selectable": true,
                "locked": false,
                "grabbable": true,
                "pannable": true,
                "classes": ""
            },
            {
                "data": {
                    "id": 1622021008744,
                    "source": 1622021008743,
                    "target": 1622021008726,
                    "level": 0,
                    "virtual": 0
                },
                "position": {
                    "x": 0,
                    "y": 0
                },
                "group": "edges",
                "removed": false,
                "selected": false,
                "selectable": true,
                "locked": false,
                "grabbable": true,
                "pannable": true,
                "classes": ""
            },
            {
                "data": {
                    "id": 1622021008745,
                    "source": 1622021008743,
                    "target": 1622021008717,
                    "level": 0,
                    "virtual": 0
                },
                "position": {
                    "x": 0,
                    "y": 0
                },
                "group": "edges",
                "removed": false,
                "selected": false,
                "selectable": true,
                "locked": false,
                "grabbable": true,
                "pannable": true,
                "classes": ""
            },
            {
                "data": {
                    "id": 1622021008747,
                    "source": 1622021008604,
                    "target": 1622021008746,
                    "level": 0,
                    "virtual": 0
                },
                "position": {
                    "x": 0,
                    "y": 0
                },
                "group": "edges",
                "removed": false,
                "selected": false,
                "selectable": true,
                "locked": false,
                "grabbable": true,
                "pannable": true,
                "classes": ""
            },
            {
                "data": {
                    "id": 1622021008748,
                    "source": 1622021008726,
                    "target": 1622021008746,
                    "level": 0,
                    "virtual": 0
                },
                "position": {
                    "x": 0,
                    "y": 0
                },
                "group": "edges",
                "removed": false,
                "selected": false,
                "selectable": true,
                "locked": false,
                "grabbable": true,
                "pannable": true,
                "classes": ""
            },
            {
                "data": {
                    "id": 1622021008749,
                    "source": 1622021008746,
                    "target": 1622021008716,
                    "level": 0,
                    "virtual": 0
                },
                "position": {
                    "x": 0,
                    "y": 0
                },
                "group": "edges",
                "removed": false,
                "selected": false,
                "selectable": true,
                "locked": false,
                "grabbable": true,
                "pannable": true,
                "classes": ""
            },
            {
                "data": {
                    "id": 1622021008751,
                    "source": 1622021008732,
                    "target": 1622021008750,
                    "level": 0,
                    "virtual": 0
                },
                "position": {
                    "x": 0,
                    "y": 0
                },
                "group": "edges",
                "removed": false,
                "selected": false,
                "selectable": true,
                "locked": false,
                "grabbable": true,
                "pannable": true,
                "classes": ""
            },
            {
                "data": {
                    "id": 1622021008753,
                    "source": 1622021008750,
                    "target": 1622021008752,
                    "level": 0,
                    "virtual": 0
                },
                "position": {
                    "x": 0,
                    "y": 0
                },
                "group": "edges",
                "removed": false,
                "selected": false,
                "selectable": true,
                "locked": false,
                "grabbable": true,
                "pannable": true,
                "classes": ""
            },
            {
                "data": {
                    "id": 1622021008754,
                    "source": 1622021008752,
                    "target": 1622021008719,
                    "level": 0,
                    "virtual": 0
                },
                "position": {
                    "x": 0,
                    "y": 0
                },
                "group": "edges",
                "removed": false,
                "selected": false,
                "selectable": true,
                "locked": false,
                "grabbable": true,
                "pannable": true,
                "classes": ""
            },
            {
                "data": {
                    "id": 1622021008756,
                    "source": 1622021008750,
                    "target": 1622021008720,
                    "level": 0,
                    "virtual": 0
                },
                "position": {
                    "x": 0,
                    "y": 0
                },
                "group": "edges",
                "removed": false,
                "selected": false,
                "selectable": true,
                "locked": false,
                "grabbable": true,
                "pannable": true,
                "classes": ""
            },
            {
                "data": {
                    "id": 1622021008757,
                    "source": 1622021008720,
                    "target": 1622021008755,
                    "level": 0,
                    "virtual": 0
                },
                "position": {
                    "x": 0,
                    "y": 0
                },
                "group": "edges",
                "removed": false,
                "selected": false,
                "selectable": true,
                "locked": false,
                "grabbable": true,
                "pannable": true,
                "classes": ""
            },
            {
                "data": {
                    "id": 1622021008758,
                    "source": 1622021008755,
                    "target": 1622021008719,
                    "level": 0,
                    "virtual": 0
                },
                "position": {
                    "x": 0,
                    "y": 0
                },
                "group": "edges",
                "removed": false,
                "selected": false,
                "selectable": true,
                "locked": false,
                "grabbable": true,
                "pannable": true,
                "classes": ""
            },
            {
                "data": {
                    "id": 1622021008759,
                    "source": 1622021008752,
                    "target": 1622021008742,
                    "level": 0,
                    "virtual": 0
                },
                "position": {
                    "x": 0,
                    "y": 0
                },
                "group": "edges",
                "removed": false,
                "selected": false,
                "selectable": true,
                "locked": false,
                "grabbable": true,
                "pannable": true,
                "classes": ""
            },
            {
                "data": {
                    "id": 1622021008760,
                    "source": 1622021008742,
                    "target": 1622021008718,
                    "level": 0,
                    "virtual": 0
                },
                "position": {
                    "x": 0,
                    "y": 0
                },
                "group": "edges",
                "removed": false,
                "selected": false,
                "selectable": true,
                "locked": false,
                "grabbable": true,
                "pannable": true,
                "classes": ""
            },
            {
                "data": {
                    "id": 1622812869744,
                    "source": 1622812869743,
                    "target": 1622812869742,
                    "virtual": "0"
                },
                "position": {
                    "x": 0,
                    "y": 0
                },
                "group": "edges",
                "removed": false,
                "selected": false,
                "selectable": true,
                "locked": false,
                "grabbable": true,
                "pannable": true,
                "classes": ""
            },
            {
                "data": {
                    "id": 1622812869745,
                    "source": 1622812869742,
                    "target": 1622021008685,
                    "virtual": "0"
                },
                "position": {
                    "x": 0,
                    "y": 0
                },
                "group": "edges",
                "removed": false,
                "selected": false,
                "selectable": true,
                "locked": false,
                "grabbable": true,
                "pannable": true,
                "classes": ""
            }
        ]
    },
    "style": [
        {
            "selector": "node",
            "style": {
                "label": "data(title)",
                "text-margin-y": "-15px",
                "background-color": "rgb(0,0,0)",
                "font-size": "10px",
                "height": "3px",
                "width": "3px",
                "border-width": "1px"
            }
        },
        {
            "selector": "edge",
            "style": {
                "line-color": "fn",
                "width": "2px",
                "opacity": "1"
            }
        }
    ],
    "data": {},
    "zoomingEnabled": true,
    "userZoomingEnabled": true,
    "zoom": 1.7378008287493765,
    "minZoom": 1e-50,
    "maxZoom": 1e+50,
    "panningEnabled": true,
    "userPanningEnabled": true,
    "pan": {
        "x": 93.281743087693,
        "y": -142.319567164294
    },
    "boxSelectionEnabled": true,
    "renderer": {
        "name": "canvas"
    },
    "wheelSensitivity": 0.1
}